Workbook

Sheet Lộ trình công danh
A1: LỘ TRÌNH CÔNG DANH - ADE 2023 -P.TK - P1
A2: Stt | B2: Kỹ năng/ Kiến thức/ Thái độ/ Kết quả/ Thời gian cống hiến | C2: NVTK | D2: Lộ trình | E2: Trưởng nhóm | F2: TP. Kỹ Thuật | G2: Gíam Đốc NM | H2: CEO | I2: Lộ trình | J2: Gíám Đốc Bộ phận | K2: CEO | L2: Tài liệu Training (Link) | M2: Người đào tạo
A3: A | B3: KỸ NĂNG
A4: I | B4: Group 1. Kỹ năng cơ bản | D4: < 2 tháng (kể từ khi nhận việc) | M4: TBP
A5: 1 | B5: Kỹ năng lập kế hoạch hàng ngày (Kế hoạch 5 phút) | C5: x | E5: x | F5: x | G5: x | H5: x | I5: Passed | J5: x | L5: To do List (Excell)
A6: 2 | B6: Kỹ năng lập kế hoạch, báo cáo tuần/ tháng/ quí/ năm | C6: x | E6: x | F6: x | G6: x | H6: x | I6: Passed | J6: x | L6: Project Follow
A7: 3 | B7: Kỹ năng làm việc theo qui trình, không có qui trình thì thực hiện theo hướng dẫn của người quản lý trực tiếp | C7: x | E7: x | F7: x | G7: x | H7: x | I7: Passed | J7: x | L7: Qui trình
A8: 4 | B8: Kỹ năng sử dụng phần mềm vào công việc được giao | C8: x | E8: x | F8: x | G8: x | H8: x | I8: Passed | J8: x | L8: Microsoft office, phần mềm báo cáo, AutoCAD) | M8: Tự học/ Trưởng nhóm
A9: 5 | B9: Kỹ năng Làm việc nhóm hoặc độc lập | C9: x | E9: x | F9: x | G9: x | H9: x | I9: Passed | J9: x | L9: A Tân cung cấp | M9: TBP
A10: 6 | B10: Kỹ năng nhận dạng và giải quyết vấn đề | C10: x | E10: x | F10: x | G10: x | H10: x | I10: Passed | J10: x | L10: A Tân cung cấp | M10: TBP
A11: 7 | B11: Tiếng anh/ đọc hiểu bản vẽ, tài liệu tiếng anh | C11: x | E11: x | F11: x | G11: x | H11: x | I11: Passed | J11: x | L11: A Tân cung cấp | M11: Tự hoc
A12: 8 | B12: Quản lý thời gian | C12: x | E12: x | F12: x | G12: x | H12: x | I12: Passed | J12: x | L12: A Tân cung cấp | M12: TBP
A13: 9 | B13: Đọc hiểu bản vẽ | C13: x | E13: x | F13: x | G13: x | H13: x | I13: Passed | J13: x | L13: Bản vẽ dự án thực tế | M13: TBP
A14: II | B14: Group 2. Kỹ năng nâng cao
A15: 1 | B15: Kỹ năng phân tích rủi ro | C15: x | D15: < 3 tháng | E15: x | F15: x | G15: x | H15: x | I15: Passed | J15: x | L15: Qui trình đã ban hành | M15: A Trọng/ TBP
A16: 2 | B16: Kỹ năng xây dựng qui trình/ hướng dẫn/ bảng cài đặt... | C16: x | D16: < 4 tháng | E16: x | F16: x | G16: x | H16: x | I16: Passed | J16: x | L16: A Hưng cung cấp | M16: A Trọng/ TBP
A17: 3 | B17: Tiếng anh/ đọc hiểu và trả lời mail, tài liệu | C17: x | D17: < 12 tháng | E17: x | F17: x | G17: x | H17: x | I17: Passed | J17: x | L17: A Tân cung cấp | M17: TBP
A18: 4 | B18: Xây dựng KPI, chính sách phúc lợi cho phòng | D18: < 5 tháng | E18: x | F18: x | G18: x | H18: x | I18: Passed | J18: x | L18: HS, xây dựng LTCD và lương 3P | M18: TBP
A19: 5 | B19: Quản lý đội nhóm & tạo động lực cho nhân viên | D19: < 6 tháng | E19: x | F19: x | G19: x | H19: x | I19: Passed | J19: x | L19: A Tân cung cấp | M19: TBP
A20: 6 | B20: Kỹ năng Đào tạo nhân viên | D20: < 7 tháng | E20: x | F20: x | G20: x | H20: x | I20: Passed | J20: x | L20: Qui trình đào tạo (theo Lộ trình đào tạo) | M20: TBP
A21: 7 | B21: Kỹ năng Điều phối cuộc họp | D21: < 8 tháng | E21: x | F21: x | G21: x | H21: x | I21: Passed | J21: x | L21: A Hưng cung cấp | M21: TBP
A22: 8 | B22: Kỹ năng giám sát đội nhóm | D22: < 9 tháng | E22: x | F22: x | G22: x | H22: x | I22: Passed | J22: x | L22: A Hưng cung cấp | M22: TBP
A23: III | B23: Group 3. Kỹ năng chuyên nghiệp
A24: 1 | B24: Kỹ năng giao tiếp & xây dựng mối quan hệ | C24: x | E24: x | F24: x | G24: x | H24: x | I24: < 1 tháng | J24: x | L24: A Tân cung cấp | M24: TBP
A25: 2 | B25: Quản lý thời gian | E25: x | F25: x | G25: x | H25: x | I25: < 1 tháng | J25: x | L25: A Tân cung cấp | M25: TBP
A26: 3 | B26: Tiếng anh/ đọc hiểu và trả lời mail, tài liệu, giao tiếp được vs người nước ngoài | E26: x | F26: x | G26: x | H26: x | I26: < 6 tháng | J26: x | L26: A Tân cung cấp | M26: TBP
A27: 4 | B27: Quản trị hệ thống & qui trình | E27: x | F27: x | G27: x | H27: x | I27: < 2 tháng | J27: x | L27: A Trọng cung cấp Index QT ISO (Update) | M27: TBP
A28: 5 | B28: Giám sát và điều hành | E28: x | F28: x | G28: x | H28: x | I28: < 2 tháng | J28: x | L28: A Tân cung cấp | M28: TBP
A29: 6 | B29: Kỹ năng giao việc và huấn luyện | E29: x | F29: x | G29: x | H29: x | I29: < 2 tháng | J29: x | L29: A Tân cung cấp | M29: TBP
A30: 7 | B30: Quản trị rủi ro | F30: x | G30: x | H30: x | I30: < 3 tháng | J30: x | L30: A Trọng cung cấp Index QT ISO (Update) | M30: TBP
A31: 8 | B31: Hoạch định chiến lược | H31: x | I31: < 3 tháng | J31: x | L31: A Tân cung cấp | M31: TBP
A32: 9 | B32: Phân tích và ra quyết định | H32: x | I32: < 4 tháng | J32: x | L32: A Tân cung cấp | M32: TBP
A33: 10 | B33: Quản trị sự thay đổi | H33: x | I33: < 4 tháng | J33: x | L33: A Tân cung cấp | M33: TBP
A34: 11 | B34: Quản trị hệ thống | H34: x | I34: < 6 tháng | J34: x | L34: A Trọng cung cấp Index QT ISO (Update) | M34: TBP
A36: B | B36: KIẾN THỨC
A37: I | B37: Kiến thức nền (Các công thức, phương pháp)
A38: 1 | B38: Công thức tính công suất hiệu dụng (P) | C38: x | D38: < 2 Tuần | E38: x | F38: x | G38: x | H38: x | I38: Passed | J38: x | L38: A Tân cung cấp | M38: A Trọng/ TBP
A39: 2 | B39: Công thức tính công suất biểu kiến (S) | C39: x | D39: < 2 Tuần | E39: x | F39: x | G39: x | H39: x | I39: Passed | J39: x | L39: A Tân cung cấp | M39: A Trọng/ TBP
A40: 3 | B40: Công thức tính dòng điện hiệu dụng (A) | C40: x | D40: < 2 Tuần | E40: x | F40: x | G40: x | H40: x | I40: Passed | J40: x | L40: A Tân cung cấp | M40: A Trọng/ TBP
A41: 4 | B41: Phương pháp tính dòng điện | C41: x | D41: < 2 Tuần | E41: x | F41: x | G41: x | H41: x | I41: Passed | J41: x | L41: A Tân cung cấp | M41: A Trọng/ TBP
A42: 5 | B42: Phương pháp tính / chọn cáp điện/ busbar | C42: x | D42: < 2 Tuần | E42: x | F42: x | G42: x | H42: x | I42: Passed | J42: x | L42: A Tân cung cấp | M42: A Trọng/ TBP
A43: 6 | B43: Phương pháp tính / chọn quạt giải nhiệt | C43: x | D43: < 1 Tháng | E43: x | F43: x | G43: x | H43: x | I43: Passed | J43: x | L43: A Thành cung cấp | M43: A Thành/ TBP
A44: 7 | B44: PLC các loại, các hãng cơ bản | C44: x | D44: < 1 Tháng | E44: x | F44: x | G44: x | H44: x | I44: Passed | J44: x | L44: A Trọng cung cấp | M44: A Trọng/ TBP
A45: 8 | B45: HMI các loại, các hãng cơ bản | C45: x | D45: < 1 Tháng | E45: x | F45: x | G45: x | H45: x | I45: Passed | J45: x | L45: A Trọng cung cấp | M45: A Trọng/ TBP
A46: 9 | B46: SCADA các loại, các hãng cơ bản | C46: x | D46: < 1 Tháng | E46: x | F46: x | G46: x | H46: x | I46: Passed | J46: x | L46: A Trọng cung cấp | M46: A Trọng/ TBP
A47: 10 | B47: Truyền thông PtP, Ethernet…các loại cơ bản | C47: x | D47: < 2 Tháng | E47: x | F47: x | G47: x | H47: x | I47: Passed | J47: x | L47: A Trọng cung cấp | M47: A Trọng/ TBP
A48: 11 | B48: Phương pháp tính / chọn dây tín hiệu | C48: x | D48: < 2 Tháng | E48: x | F48: x | G48: x | H48: x | I48: Passed | J48: x | L48: A Trọng cung cấp | M48: A Trọng/ TBP
A49: 12 | B49: Cấu hình thiết bị điện tử (ID, Methode, Setting…) | C49: x | D49: < 2 Tháng | E49: x | F49: x | G49: x | H49: x | I49: Passed | J49: x | L49: A Trọng cung cấp | M49: A Trọng/ TBP
... A52: 15 | B52: Kiến thức về an toàn & vệ sinh lao động | C52: x | D52: < 2 Tháng | E52: x | F52: x | G52: x | H52: x | I52: Passed | J52: x | L52: A Trọng cung cấp | M52: A Trọng/ TBP
A53: II | B53: Kiến thức về sản phẩm (Hiểu chức năng, ứng dụng, chọn sản phẩm đúng)
A54: II.1 | B54: Kiến thức sản phẩm cơ bản
B55: Kiến thức về MCB | C55: x | D55: < 2 Tuần | E55: x | F55: x | G55: x | H55: x | I55: Passed | J55: x | L55: A Tân cung cấp | M55: TBP
B56: Kiến thức về RCCB | C56: x | D56: < 2 Tuần | E56: x | F56: x | G56: x | H56: x | I56: Passed | J56: x | L56: A Tân cung cấp | M56: TBP
B57: Kiến thức về RCBO | C57: x | D57: < 2 Tuần | E57: x | F57: x | G57: x | H57: x | I57: Passed | J57: x | L57: A Tân cung cấp | M57: TBP
B58: Kiến thức về MCCB | C58: x | D58: < 2 Tuần | E58: x | F58: x | G58: x | H58: x | I58: Passed | J58: x | L58: A Tân cung cấp | M58: TBP
B59: Kiến thức về ACB | C59: x | D59: < 2 Tuần | E59: x | F59: x | G59: x | H59: x | I59: Passed | J59: x | L59: A Tân cung cấp | M59: TBP
B60: Kiến thức về MCP | C60: x | D60: < 2 Tuần | E60: x | F60: x | G60: x | H60: x | I60: Passed | J60: x | L60: A Tân cung cấp | M60: TBP
B61: Kiến thức về khởi động từ | C61: x | D61: < 2 Tuần | E61: x | F61: x | G61: x | H61: x | I61: Passed | J61: x | L61: A Tân cung cấp | M61: TBP
B62: Kiến thức về relay nhiệt | C62: x | D62: < 2 Tuần | E62: x | F62: x | G62: x | H62: x | I62: Passed | J62: x | L62: A Tân cung cấp | M62: TBP
B63: Kiến thức về khởi động mềm | C63: x | D63: < 2 Tuần | E63: x | F63: x | G63: x | H63: x | I63: Passed | J63: x | L63: A Tân cung cấp | M63: TBP
B64: kiến thức về biến tần | C64: x | D64: < 2 Tuần | E64: x | F64: x | G64: x | H64: x | I64: Passed | J64: x | L64: A Tân cung cấp | M64: TBP
B65: Kiến thức về timer, Counter | C65: x | D65: < 2 Tuần | E65: x | F65: x | G65: x | H65: x | I65: Passed | J65: x | L65: A Thành cung cấp | M65: TBP
B66: Kiến thức về phụ kiện tủ điện | C66: x | D66: < 2 Tuần | E66: x | F66: x | G66: x | H66: x | I66: Passed | J66: x | L66: A Thành cung cấp | M66: TBP
... B80: Kiến thức về hệ thống điện tự động cơ bản | C80: x | D80: < 2 Tháng' | E80: x | F80: x | G80: x | H80: x | I80: Passed | J80: x | L80: A Trọng cung cấp | M80: A Trọng
A81: II.2 | B81: Kiến thức sản phẩm nâng cao
B82: Kiến thức / Chọn PLC cơ bản | C82: x | D82: < 2 Tháng | E82: x | F82: x | G82: x | H82: x | I82: Passed | J82: x | L82: A Trọng cung cấp | M82: A Trọng
B83: Kiến thức / Chọn HMI cơ bản | C83: x | D83: < 3 Tháng | E83: x | F83: x | G83: x | H83: x | I83: Passed | J83: x | L83: A Trọng cung cấp | M83: A Trọng
B84: Kiến thức / Chọn SCADA cơ bản | C84: x | D84: < 4 Tháng | E84: x | F84: x | G84: x | H84: x | I84: Passed | J84: x | L84: A Trọng cung cấp | M84: A Trọng
B85: Biến tần IP00, biến tầng công suất lớn | C85: x | D85: < 2 Tháng | E85: x | F85: x | G85: x | H85: x | I85: Passed | J85: x | L85: A Trọng cung cấp | M85: A Trọng
B86: Kiến thức về FUSE/ LBS/ TỦ HỢP BỘ TRUNG THẾ | C86: x | E86: x | F86: x | G86: x | H86: x | I86: < 6 Tháng | J86: x | L86: A Trọng cung cấp | M86: A Trọng
B87: Kiến thức về CT/ VT/ ĐỒNG HỒ ĐO | C87: x | E87: x | F87: x | G87: x | H87: x | I87: < 6 Tháng | J87: x | L87: A Trọng cung cấp | M87: A Trọng
B88: Kiến thức về VCB trung thế | C88: x | D88: < 1 Tháng | E88: x | F88: x | G88: x | H88: x | I88: Passed | J88: x | L88: A Trọng cung cấp | M88: A Trọng/ TBP
B89: Khởi động mềm trung thế | E89: x | F89: x | G89: x | H89: x | I89: < 6 Tháng | J89: x | L89: A Trọng cung cấp | M89: A Trọng
B90: Tủ khởi động động cơ trung thế DOL | E90: x | F90: x | G90: x | H90: x | I90: < 6 Tháng | J90: x | L90: A Trọng cung cấp | M90: A Trọng
B91: Tủ khởi động động cơ trung thế điện trở | E91: x | F91: x | G91: x | H91: x | I91: < 6 Tháng | J91: x | L91: A Trọng cung cấp | M91: A Trọng
A92: III | B92: Kiến thức về giải pháp/ hệ thống (đọc hiểu, bản vẽ, thiết kế, chọn thiết bị)
B93: Kiến thức về cấu trúc hệ PLC, HMI, SCADA cơ bản | C93: x | D93: Passed | E93: x | F93: x | G93: x | H93: x | I93: Passed | J93: x | L93: A Trọng cung cấp | M93: A Trọng
B94: Hệ thống PMS cơ bản | C94: x | D94: < 3 Tháng | E94: x | F94: x | G94: x | H94: x | I94: Passed | J94: x | L94: A Trọng cung cấp | M94: A Trọng
B95: Hệ thống điện trung thế | C95: x | D95: < 3 Tháng | E95: x | F95: x | G95: x | H95: x | I95: Passed | J95: x | L95: A Trọng cung cấp | M95: A Trọng
B96: Hệ thống điện hạ thế | C96: x | D96: < 3 Tháng | E96: x | F96: x | G96: x | H96: x | I96: Passed | J96: x | L96: A Trọng cung cấp | M96: A Trọng
B97: Hệ thống điện tự động hóa cơ bản | C97: x | D97: < 3 Tháng | E97: x | F97: x | G97: x | H97: x | I97: Passed | J97: x | L97: A Trọng cung cấp | M97: A Trọng
B98: Hệ thống cáp điện | C98: x | D98: < 3 Tháng | E98: x | F98: x | G98: x | H98: x | I98: Passed | J98: x | L98: A Trọng cung cấp | M98: A Trọng
B99: Hệ thống lọc sóng hài cơ bản | C99: x | D99: < 4 Tháng | E99: x | F99: x | G99: x | H99: x | I99: Passed | J99: x | L99: A Trọng cung cấp | M99: A Trọng
B100: Giải pháp tiết kiệm năng lượng | C100: x | D100: < 5 Tháng | E100: x | F100: x | G100: x | H100: x | I100: Passed | J100: x | L100: A Trọng cung cấp | M100: A Trọng
B101: Kiến thức IOT cơ bản | C101: x | D101: < 3 Tháng | E101: x | F101: x | G101: x | H101: x | I101: Passed | J101: x | L101: A Trọng cung cấp | M101: A Trọng
A102: IV | B102: Kiến thức về công ty, sản phẩm và dịch vụ
B103: Tầm nhìn, sứ mệnh, giá trị cốt lõi, văn hóa | C103: x | D103: < 1 tuần | E103: x | F103: x | G103: x | H103: x | I103: Passed | J103: x | L103: C Ly cung cấp | M103: TBP
B104: Câu chuyện về sứ mệnh của của công ty | C104: x | D104: < 1 tuần | E104: x | F104: x | G104: x | H104: x | I104: Passed | J104: x | L104: C Ly cung cấp | M104: TBP
B105: Ý nghĩa logo công ty | C105: x | D105: < 1 tuần | E105: x | F105: x | G105: x | H105: x | I105: Passed | J105: x | L105: C Ly cung cấp | M105: TBP
B106: Sản phẩm và dịch vụ chính của công ty (liệt kê 5 sản phẩm & dịch vụ chính) | C106: x | D106: < 1 tuần | E106: x | F106: x | G106: x | H106: x | I106: Passed | J106: x | L106: C Ly cung cấp | M106: TBP
B107: Kim chỉ nam hành động của công ty (An Toàn - kỹ thuật/ chất lượng - tiến độ - thẩm mỹ- chi phí) | C107: x | D107: < 1 tuần | E107: x | F107: x | G107: x | H107: x | I107: Passed | J107: x | L107: C Ly cung cấp | M107: TBP
B108: Địa chỉ văn phòng | C108: x | D108: < 1 tuần | E108: x | F108: x | G108: x | H108: x | I108: Passed | J108: x | L108: C Ly cung cấp | M108: TBP
B109: Số điện thoại, website, Email | C109: x | D109: < 1 tuần | E109: x | F109: x | G109: x | H109: x | I109: Passed | J109: x | L109: C Ly cung cấp | M109: TBP
B110: Địa chỉ nhà xưởng | C110: x | D110: < 1 tuần | E110: x | F110: x | G110: x | H110: x | I110: Passed | J110: x | L110: C Ly cung cấp | M110: TBP
B111: Các khách hàng lớn/ dự án của công ty | C111: x | D111: < 1 tuần | E111: x | F111: x | G111: x | H111: x | I111: Passed | J111: x | L111: C Ly cung cấp | M111: TBP
B112: Ban giám đốc | C112: x | D112: < 1 tuần | E112: x | F112: x | G112: x | H112: x | I112: Passed | J112: x | L112: C Ly cung cấp | M112: TBP
B113: Bộ phận quản lý trực tiếp | C113: x | D113: < 1 tuần | E113: x | F113: x | G113: x | H113: x | I113: Passed | J113: x | L113: C Ly cung cấp | M113: TBP
B114: Bộ phận nhân sự | C114: x | D114: < 1 tuần | E114: x | F114: x | G114: x | H114: x | I114: Passed | J114: x | L114: C Ly cung cấp | M114: TBP
B115: Ngày thành lập công ty | C115: x | D115: < 1 tuần | E115: x | F115: x | G115: x | H115: x | I115: Passed | J115: x | L115: C Ly cung cấp | M115: TBP
A116: C | B116: QUI TRÌNH PHÒNG BAN | D116: Thực hiện trong vòng 2 tháng | M116: TBP
...

Sheet Lo trinh công danh P.ban
A1: LỘ TRÌNH CÔNG DANH -BP THIẾT KẾ- ĐẤU THẦU
A2: Stt | B2: Kỹ năng/ Kiến thức/ Thái độ/ Kết quả/ Thời gian cống hiến | C2: Staff | D2: Senior | E2: Leader | F2: Manager | G2: Lộ trình | H2: Lộ trình | I2: Tài liệu Training (Link) | J2: Biểu mẫu áp dụng | K2: Người đào tạo | L2: Nguyễn Văn 1 Manager | M2: Nguyễn Văn 2 Leader | N2: Nguyễn Văn 3 Leader | O2: Nguyễn Văn 4 Senior | P2: Nguyễn Văn 5 staff
A3: A | B3: KỸ NĂNG
A4: I | B4: Group 1. Kỹ năng cơ bản | G4: < 2 tháng (kể từ khi nhận việc) | K4: TBP
A5: 1 | B5: Kỹ năng lập kế hoạch hàng ngày (Kế hoạch 5 phút) | C5: x | D5: x | E5: x | F5: x | H5: Passed | I5: To do List (Excell) | L5: x | M5: x | N5: x | O5: x | P5: x
A6: 2 | B6: Kỹ năng lập kế hoạch, báo cáo tuần/ tháng/ quí/ năm | C6: x | D6: x | E6: x | F6: x | H6: Passed | I6: Project Follow | L6: x | M6: x | N6: x | O6: x | P6: x
A7: 3 | B7: Kỹ năng làm việc theo qui trình, không có qui trình thì thực hiện theo hướng dẫn của người quản lý trực tiếp | C7: x | D7: x | E7: x | F7: x | H7: Passed | I7: Qui trình | L7: x | M7: x | N7: x | O7: x | P7: x
A8: 4 | B8: Kỹ năng sử dụng phần mềm vào công việc được giao | C8: x | D8: x | E8: x | F8: x | H8: Passed | I8: Microsoft office, phần mềm báo cáo, AutoCAD) | K8: Tự học/ Trưởng nhóm | L8: x | M8: x | N8: x | O8: x | P8: x
A9: 5 | B9: Kỹ năng Làm việc nhóm hoặc độc lập | C9: x | D9: x | E9: x | F9: x | H9: Passed | I9: A Tân cung cấp | K9: TBP | L9: x | M9: x | N9: x | O9: x | P9: x
A10: 6 | B10: Kỹ năng nhận dạng và giải quyết vấn đề | C10: x | D10: x | E10: x | F10: x | H10: Passed | I10: A Tân cung cấp | K10: TBP | L10: x | M10: x | N10: x | O10: x | P10: x
A11: 7 | B11: Tiếng anh/ đọc hiểu bản vẽ, tài liệu tiếng anh | C11: x | D11: x | E11: x | F11: x | H11: Passed | I11: A Tân cung cấp | K11: Tự hoc | L11: x | M11: x | N11: x | O11: x | P11: x
A12: 8 | B12: Quản lý thời gian | C12: x | D12: x | E12: x | F12: x | H12: Passed | I12: A Tân cung cấp | K12: TBP | L12: x | M12: x | N12: x | O12: x | P12: x
A13: 9 | B13: Đọc hiểu bản vẽ | C13: x | D13: x | E13: x | F13: x | H13: Passed | I13: Bản vẽ dự án thực tế | K13: TBP | L13: x | M13: x | N13: x | O13: x | P13: x
A14: II | B14: Group 2. Kỹ năng nâng cao
A15: 1 | B15: Kỹ năng phân tích rủi ro thi công | E15: x | F15: x | G15: < 3 tháng | H15: Passed | I15: Qui trình đã ban hành | K15: A Trọng/ TBP | L15: x | M15: x | N15: x | O15: x
A16: 2 | B16: Kỹ năng xây dựng qui trình | E16: x | F16: x | G16: < 4 tháng | H16: Passed | I16: A Hưng cung cấp | K16: A Trọng/ TBP | L16: x | M16: x | N16: x
A17: 3 | B17: Xây dựng KPI, chính sách phúc lợi cho phòng | F17: x | G17: < 5 tháng | H17: Passed | I17: HS, xây dựng LTCD và lương 3P | K17: TBP | L17: x
A18: 4 | B18: Quản lý đội nhóm & tạo động lực cho nhân viên | E18: x | F18: x | G18: < 6 tháng | H18: Passed | I18: A Tân cung cấp | K18: TBP | L18: x | M18: x | N18: x
A19: 5 | B19: Kỹ năng Đào tạo nhân viên | E19: x | F19: x | G19: < 7 tháng | H19: Passed | I19: Qui trình đào tạo (theo Lộ trình đào tạo) | K19: TBP | L19: x | M19: x | N19: x
A20: 6 | B20: Kỹ năng Điều phối cuộc họp | E20: x | F20: x | G20: < 8 tháng | H20: Passed | I20: A Hưng cung cấp | K20: TBP | L20: x | M20: x | N20: x
A21: 7 | B21: Kỹ năng giám sát đội nhóm | E21: x | F21: x | G21: < 9 tháng | H21: Passed | I21: A Hưng cung cấp | K21: TBP | L21: x | M21: x | N21: x
A22: 8 | B22: Tiếng anh/ đọc hiểu và trả lời mail, tài liệu, giao tiếp được | D22: x | E22: x | F22: x | G22: < 12 tháng | H22: Passed | I22: A Tân cung cấp | K22: TBP | L22: x | M22: x | N22: x | O22: x
A23: III | B23: Group 3. Kỹ năng chuyên nghiệp
A24: 1 | B24: Kỹ năng giao tiếp & xây dựng mối quan hệ | C24: x | D24: x | E24: x | F24: x | H24: < 1 tháng | I24: A Tân cung cấp | K24: TBP | L24: x | M24: x | N24: x | O24: x
A25: 2 | B25: Quản lý thời gian | C25: x | D25: x | E25: x | F25: x | H25: < 1 tháng | I25: A Tân cung cấp | K25: TBP | L25: x | M25: x | N25: x | O25: x
A26: 3 | B26: Tiếng anh/ đọc hiểu và trả lời mail, tài liệu, giao tiếp được vs người nước ngoài | D26: x | E26: x | F26: x | H26: < 6 tháng | I26: A Tân cung cấp | K26: TBP | L26: x | M26: x | N26: x | O26: x
A27: 4 | B27: Quản trị hệ thống & qui trình | E27: x | F27: x | H27: < 2 tháng | I27: A Trọng cung cấp Index QT ISO (Update) | K27: TBP | L27: x | M27: x | N27: x
A28: 5 | B28: Giám sát và điều hành | E28: x | F28: x | H28: < 2 tháng | I28: A Tân cung cấp | K28: TBP | L28: x | M28: x | N28: x
A29: 6 | B29: Kỹ năng giao việc và huấn luyện | E29: x | F29: x | H29: < 2 tháng | I29: A Tân cung cấp | K29: TBP | L29: x | M29: x | N29: x
A30: 7 | B30: Lập kế hoạch, xây dựng chiến lược triển khai quản lý dự án | F30: x | H30: < 3 tháng | I30: A Tân cung cấp | K30: TBP | L30: x
A31: 8 | B31: Quản trị rủi ro | F31: x | H31: < 3 tháng | I31: A Trọng cung cấp Index QT ISO (Update) | K31: TBP | L31: x
A32: 9 | B32: Hoạch định chiến lược | F32: x | H32: < 3 tháng | I32: A Tân cung cấp | K32: TBP | L32: x
A33: 10 | B33: Phân tích và ra quyết định | F33: x | H33: < 4 tháng | I33: A Tân cung cấp | K33: TBP | L33: x
A34: 11 | B34: Quản trị sự thay đổi | F34: x | H34: < 4 tháng | I34: A Tân cung cấp | K34: TBP | L34: x
A35: 12 | B35: Quản trị hệ thống | F35: x | H35: < 6 tháng | I35: A Trọng cung cấp Index QT ISO (Update) | K35: TBP | L35: x
A36: B | B36: KIẾN THỨC
A37: I | B37: Kiến thức nền (Các công thức, phương pháp)
A38: 1 | B38: Công thức tính công suất hiệu dụng (P) | C38: x | D38: x | E38: x | F38: x | G38: < 2 Tuần | H38: Passed | I38: A Tân cung cấp | K38: A Trọng/ TBP | L38: x | M38: x | N38: x | O38: x | P38: x
A39: 2 | B39: Công thức tính công suất biểu kiến (S) | C39: x | D39: x | E39: x | F39: x | G39: < 2 Tuần | H39: Passed | I39: A Tân cung cấp | K39: A Trọng/ TBP | L39: x | M39: x | N39: x | O39: x | P39: x
A40: 3 | B40: Công thức tính dòng điện hiệu dụng (A) | C40: x | D40: x | E40: x | F40: x | G40: < 2 Tuần | H40: Passed | I40: A Tân cung cấp | K40: A Trọng/ TBP | L40: x | M40: x | N40: x | O40: x | P40: x
A41: 4 | B41: Phương pháp tính dòng điện | C41: x | D41: x | E41: x | F41: x | G41: < 2 Tuần | H41: Passed | I41: A Tân cung cấp | K41: A Trọng/ TBP | L41: x | M41: x | N41: x | O41: x | P41: x
A42: 5 | B42: Phương pháp tính / chọn cáp điện/ busbar | D42: x | E42: x | F42: x | G42: < 2 Tuần | H42: Passed | I42: A Tân cung cấp | K42: A Trọng/ TBP | L42: x | M42: x | N42: x | O42: x | P42: x
A43: 6 | B43: Phương pháp tính / chọn quạt giải nhiệt | D43: x | E43: x | F43: x | G43: < 1 Tháng | H43: Passed | I43: A Thành cung cấp | K43: A Thành/ TBP | L43: x | M43: x | N43: x | O43: x | P43: x
A44: 7 | B44: PLC các loại, các hãng | D44: x | E44: x | F44: x | G44: < 1 Tháng | H44: Passed | I44: A Trọng cung cấp | K44: A Trọng/ TBP | L44: x | M44: x | N44: x | O44: x | P44: x
A45: 8 | B45: HMI các loại, các hãng | D45: x | E45: x | F45: x | G45: < 1 Tháng | H45: Passed | I45: A Trọng cung cấp | K45: A Trọng/ TBP | L45: x | M45: x | N45: x | O45: x | P45: x
A46: 9 | B46: SCADA các loại, các hãng | D46: x | E46: x | F46: x | G46: < 1 Tháng | H46: Passed | I46: A Trọng cung cấp | K46: A Trọng/ TBP | L46: x | M46: x | N46: x | O46: x | P46: x
A47: 10 | B47: Truyền thông PtP, Ethernet…các loại, các hãng | E47: x | F47: x | G47: < 2 Tháng | H47: Passed | I47: A Trọng cung cấp | K47: A Trọng/ TBP | L47: x | M47: x | N47: x
A48: 11 | B48: Phương pháp tính / chọn dây tín hiệu | D48: x | E48: x | F48: x | G48: < 2 Tháng | H48: Passed | I48: A Trọng cung cấp | K48: A Trọng/ TBP | L48: x | M48: x | N48: x | O48: x | P48: x
A49: 12 | B49: Cấu hình thiết bị điện tử (ID, Methode, Setting…) | D49: x | E49: x | F49: x | G49: < 2 Tháng | H49: Passed | I49: A Trọng cung cấp | K49: A Trọng/ TBP | L49: x | M49: x | N49: x | O49: x | P49: x
A50: 13 | B50: Cảm biến các loại và ứng dụng cơ bản, nâng cao | D50: x | E50: x | F50: x | G50: < 2 Tháng | H50: Passed | I50: A Trọng cung cấp | K50: A Trọng/ TBP | L50: x | M50: x | N50: x | O50: x | P50: x
A51: 14 | B51: Điều khiển vòng hở | E51: x | F51: x | G51: < 2 Tháng | H51: Passed | I51: A Trọng cung cấp | K51: A Trọng/ TBP | L51: x | M51: x | N51: x | O51: x | P51: x
A52: 15 | B52: Điều khiển vòng kín, cài đặt PID, Lập trình PID… | E52: x | F52: x | G52: < 2 Tháng | H52: Passed | I52: A Trọng cung cấp | K52: A Trọng/ TBP | L52: x | M52: x | N52: x
A53: 16 | B53: Cài đặt hệ điều hành, phần mềm ứng dụng | E53: x | F53: x | G53: < 2 Tháng | H53: Passed | I53: A Trọng cung cấp | K53: A Trọng/ TBP | L53: x | M53: x | N53: x
A54: 17 | B54: Các phương pháp chống nhiễu tín hiệu | E54: x | F54: x | G54: < 2 Tháng | H54: Passed | I54: A Trọng cung cấp | K54: A Trọng/ TBP | L54: x | M54: x | N54: x
A55: 18 | B55: Kiến thức về mạch điện tử, Logic… | E55: x | F55: x | G55: < 2 Tháng | H55: Passed | I55: A Trọng cung cấp | K55: A Trọng/ TBP | L55: x | M55: x | N55: x | O55: x | P55: x
A56: 19 | B56: Kiến thức về an toàn & vệ sinh lao động | C56: x | D56: x | E56: x | F56: x | G56: < 2 Tháng | H56: Passed | I56: A Trọng cung cấp | K56: A Trọng/ TBP | L56: x | M56: x | N56: x | O56: x | P56: x
A57: II | B57: Kiến thức về sản phẩm (Hiểu chức năng, ứng dụng, chọn sản phẩm đúng)
A58: II.1 | B58: Kiến thức sản phẩm cơ bản
A59: 1 | B59: Kiến thức về MCB | C59: x | D59: x | E59: x | F59: x | G59: < 2 Tuần | H59: Passed | I59: A Tân cung cấp | K59: TBP | L59: x | M59: x | N59: x | O59: x | P59: x
A60: 2 | B60: Kiến thức về RCCB | C60: x | D60: x | E60: x | F60: x | G60: < 2 Tuần | H60: Passed | I60: A Tân cung cấp | K60: TBP | L60: x | M60: x | N60: x | O60: x | P60: x
A61: 3 | B61: Kiến thức về RCBO | C61: x | D61: x | E61: x | F61: x | G61: < 2 Tuần | H61: Passed | I61: A Tân cung cấp | K61: TBP | L61: x | M61: x | N61: x | O61: x | P61: x
A62: 4 | B62: Kiến thức về MCCB | C62: x | D62: x | E62: x | F62: x | G62: < 2 Tuần | H62: Passed | I62: A Tân cung cấp | K62: TBP | L62: x | M62: x | N62: x | O62: x | P62: x
A63: 5 | B63: Kiến thức về ACB | C63: x | D63: x | E63: x | F63: x | G63: < 2 Tuần | H63: Passed | I63: A Tân cung cấp | K63: TBP | L63: x | M63: x | N63: x | O63: x | P63: x
A64: 6 | B64: Kiến thức về MCP | C64: x | D64: x | E64: x | F64: x | G64: < 2 Tuần | H64: Passed | I64: A Tân cung cấp | K64: TBP | L64: x | M64: x | N64: x | O64: x | P64: x
A65: 7 | B65: Kiến thức về khởi động từ | C65: x | D65: x | E65: x | F65: x | G65: < 2 Tuần | H65: Passed | I65: A Tân cung cấp | K65: TBP | L65: x | M65: x | N65: x | O65: x | P65: x
A66: 8 | B66: Kiến thức về relay nhiệt | C66: x | D66: x | E66: x | F66: x | G66: < 2 Tuần | H66: Passed | I66: A Tân cung cấp | K66: TBP | L66: x | M66: x | N66: x | O66: x | P66: x
A67: 9 | B67: Kiến thức về khởi động mềm | C67: x | D67: x | E67: x | F67: x | G67: < 2 Tuần | H67: Passed | I67: A Tân cung cấp | K67: TBP | L67: x | M67: x | N67: x | O67: x | P67: x
A68: 10 | B68: kiến thức về biến tần | C68: x | D68: x | E68: x | F68: x | G68: < 2 Tuần | H68: Passed | I68: A Tân cung cấp | K68: TBP | L68: x | M68: x | N68: x | O68: x | P68: x
A69: 11 | B69: Kiến thức về timer, Counter | C69: x | D69: x | E69: x | F69: x | G69: < 2 Tuần | H69: Passed | I69: A Thành cung cấp | K69: TBP | L69: x | M69: x | N69: x | O69: x | P69: x
A70: 12 | B70: Kiến thức về phụ kiện tủ điện | C70: x | D70: x | E70: x | F70: x | G70: < 2 Tuần | H70: Passed | I70: A Thành cung cấp | K70: TBP | L70: x | M70: x | N70: x | O70: x | P70: x
... A72: 14 | B72: Kiến thức về relay trung gian | C72: x | D72: x | E72: x | F72: x | G72: < 2 Tuần | H72: Passed | I72: A Thành cung cấp | K72: TBP | L72: x | M72: x | N72: x | O72: x | P72: x
A73: 15 | B73: Kiến thức về SSR, chuyển mạch, đóng cắt bằng Triac/ Thyristor… | D73: x | E73: x | F73: x | G73: < 2 Tuần | H73: Passed | I73: A Thành cung cấp | K73: TBP | L73: x | M73: x | N73: x | O73: x | P73: x
A74: 16 | B74: Kiến thức về bộ nguồn | C74: x | D74: x | E74: x | F74: x | G74: < 2 Tuần | H74: Passed | I74: A Thành cung cấp | K74: TBP | L74: x | M74: x | N74: x | O74: x | P74: x
A75: 17 | B75: Kiến thức về terminal, marker, nhãn dây | C75: x | D75: x | E75: x | F75: x | G75: < 2 Tuần | H75: Passed | I75: A Thành cung cấp | K75: TBP | L75: x | M75: x | N75: x | O75: x | P75: x
A76: 18 | B76: Chọn thiết bị bảo vệ động cơ/ DOL | D76: x | E76: x | F76: x | G76: < 1 Tháng | H76: Passed | I76: A Tân cung cấp | K76: TBP | L76: x | M76: x | N76: x | O76: x | P76: x
A77: 19 | B77: Chọn thiết bị bảo vệ động cơ /Sao/Tam giác | D77: x | E77: x | F77: x | G77: < 1 Tháng | H77: Passed | I77: A Tân cung cấp | K77: TBP | L77: x | M77: x | N77: x | O77: x | P77: x
A78: 20 | B78: Chọn thiết bị bảo vệ động cơ/ khởi động mềm | D78: x | E78: x | F78: x | G78: < 1 Tháng | H78: Passed | I78: A Tân cung cấp | K78: TBP | L78: x | M78: x | N78: x | O78: x | P78: x
A79: 21 | B79: Chọn thiết bị bảo vệ động cơ/ biến tần | D79: x | E79: x | F79: x | G79: < 1 Tháng | H79: Passed | I79: A Tân cung cấp | K79: TBP | L79: x | M79: x | N79: x | O79: x | P79: x
A80: 22 | B80: Chọn thiết bị bảo vệ động cơ bằng/ biến thế/ điện trở | D80: x | E80: x | F80: x | G80: < 1 Tháng | H80: Passed | I80: A Tân cung cấp | K80: TBP | L80: x | M80: x | N80: x | O80: x | P80: x
A81: 23 | B81: Kiến thực vệ hệ thống điện hạ thế | D81: x | E81: x | F81: x | G81: < 1 Tháng | H81: Passed | I81: A Tân cung cấp | K81: TBP | L81: x | M81: x | N81: x | O81: x | P81: x
A82: 24 | B82: Đọc hiểu bản vẽ | D82: x | E82: x | F82: x | G82: < 1 Tháng' | H82: Passed | I82: A Tân cung cấp | K82: TBP | L82: x | M82: x | N82: x | O82: x | P82: x
A83: 25 | B83: Bóc tách khối lượng tủ điện | D83: x | E83: x | F83: x | G83: < 1 Tháng' | H83: Passed | I83: A Tân cung cấp | K83: TBP | L83: x | M83: x | N83: x | O83: x | P83: x
A84: 26 | B84: Kiến thực vệ hệ thống điện trung thế | D84: x | E84: x | F84: x | G84: < 2 Tháng' | H84: Passed | I84: A Tân cung cấp | K84: TBP | L84: x | M84: x | N84: x | O84: x | P84: x
A85: 27 | B85: Kiến thức về hệ thống điện tự động | D85: x | E85: x | F85: x | G85: < 2 Tháng' | H85: Passed | I85: A Trọng cung cấp | K85: A Trọng | L85: x | M85: x | N85: x | O85: x | P85: x
A86: II.2 | B86: Kiến thức sản phẩm nâng cao
A87: 1 | B87: Kiến thức về VCB trung thế | E87: x | F87: x | G87: < 1 Tháng | H87: Passed | I87: A Trọng cung cấp | K87: A Trọng/ TBP | L87: x | M87: x | N87: x
A88: 2 | B88: Kiến thức / Chọn PLC cơ bản | E88: x | F88: x | G88: < 2 Tháng | H88: Passed | I88: A Trọng cung cấp | K88: A Trọng | L88: x | M88: x | N88: x | O88: x
A89: 3 | B89: Kiến thức / Chọn HMI cơ bản | E89: x | F89: x | G89: < 3 Tháng | H89: Passed | I89: A Trọng cung cấp | K89: A Trọng | L89: x | M89: x | N89: x | O89: x
A90: 4 | B90: Kiến thức / Chọn SCADA cơ bản | E90: x | F90: x | G90: < 4 Tháng | H90: Passed | I90: A Trọng cung cấp | K90: A Trọng | L90: x | M90: x | N90: x | O90: x
A91: 5 | B91: Kiến thức / Chọn License Key cho các gói Software theo YC khách hàng/ Doanh nghiệp | E91: x | F91: x | G91: < 6 Tháng' | H91: Passed | I91: A Trọng cung cấp | K91: A Trọng | L91: x | M91: x | N91: x
A92: 6 | B92: Biến tần IP00, biến tầng công suất lớn | E92: x | F92: x | G92: < 2 Tháng | H92: Passed | I92: A Trọng cung cấp | K92: A Trọng | L92: x | M92: x | N92: x
A93: 7 | B93: Khởi động mềm trung thế | E93: x | F93: x | H93: < 6 Tháng | I93: A Trọng cung cấp | K93: A Trọng | L93: x | M93: x | N93: x
A94: 8 | B94: Tủ khởi động động cơ trung thế DOL | E94: x | F94: x | H94: < 6 Tháng | I94: A Trọng cung cấp | K94: A Trọng | L94: x | M94: x | N94: x
A95: 9 | B95: Tủ khởi động động cơ trung thế điện trở | E95: x | F95: x | H95: < 6 Tháng | I95: A Trọng cung cấp | K95: A Trọng | L95: x | M95: x | N95: x
A96: 10 | B96: Kiến thức về FUSE/ LBS/ TỦ HỢP BỘ TRUNG THẾ | E96: x | F96: x | H96: < 6 Tháng | I96: A Trọng cung cấp | K96: A Trọng | L96: x | M96: x | N96: x
A97: 11 | B97: Kiến thức về CT/ VT/ ĐỒNG HỒ ĐO | E97: x | F97: x | H97: < 6 Tháng | I97: A Trọng cung cấp | K97: A Trọng | L97: x | M97: x | N97: x
A98: 12 | B98: Bóc tách khối lượng thang máng cáp, cáp điện | E98: x | F98: x | G98: < 3 Tháng | H98: Passed | I98: A Thắng cung cấp | K98: A Thắng/ TBP | L98: x | M98: x | N98: x
A99: III | B99: Kiến thức về giải pháp/ hệ thống (đọc hiểu, bản vẽ, thiết kế, chọn thiết bị)
A100: 1 | B100: Kiến thức về cấu trúc hệ PLC, HMI, SCADA cơ bản | D100: x | E100: x | F100: x | G100: Passed | H100: Passed | I100: A Trọng cung cấp | K100: A Trọng | L100: x | M100: x | N100: x | O100: x
A101: 2 | B101: Hệ thống PMS cơ bản | D101: x | E101: x | F101: x | G101: < 3 Tháng | H101: Passed | I101: A Trọng cung cấp | K101: A Trọng | L101: x | M101: x | N101: x | O101: x
...

Sheet P2.1 (Kiến thức)
A1: CÔNG TY TNHH KỸ THUẬT TỰ ĐỘNG AN DƯƠNG
A2: ĐÁNH GIÁ NHÂN VIÊN THIẾT KẾ - ĐẤU THẦU
B3: Ngày: 30/04/2026
B4: Mục đích kiểm tra/ đánh giá:
A5: ĐIỂM CHUẨN CẦN PHẢI ĐÁP ỨNG HƯỞNG LƯƠNG THEO VỊ TRÍ - P2.1
A6: Stt | B6: Kỹ năng/ Kiến thức/ Thái độ/ Kết quả/ Thời gian làm việc | C6: Thang điểm Cộng/ trừ (Tham khảo) | D6: Thang điểm 100 | E6: Diễn giải | F6: Nguyễn Hoàng Minh Nhựt
A7: A (TC1) | B7: KỸ NĂNG | D7: =D8+D18+D27 -> 35 | E7: KỸ NĂNG | F7: =F8+F18+F27 -> 30
A8: I | B8: Group 1. Kỹ năng cơ bản | D8: 15 | E8: Group 1. Kỹ năng cơ bản | F8: 14
A9: 1 | B9: Không có kế hoạch hàng ngày (Kế hoạch 5 phút) | C9: -1 | E9: Kỹ năng lập kế hoạch hàng ngày (Kế hoạch 5 phút)
A10: 2 | B10: Không có kế hoạch, báo cáo tuần/ tháng/ quí/ năm | C10: -2 | E10: Kỹ năng lập kế hoạch, báo cáo tuần/ tháng/ quí/ năm
A11: 3 | B11: Không làm việc theo qui trình, không thực hiện theo hướng dẫn của người quản lý trực tiếp | C11: -2 | E11: Kỹ năng làm việc theo qui trình, không có qui trình thì thực hiện theo hướng dẫn của người quản lý trực tiếp
A12: 4 | B12: Không sử dụng phần mềm vào công việc được giao | C12: -1 | E12: Kỹ năng sử dụng phần mềm vào công việc được giao
A13: 5 | B13: Không hợp tác Làm việc nhóm | C13: -2 | E13: Kỹ năng Làm việc nhóm hoặc độc lập
A14: 6 | B14: Không chủ động nhận dạng và giải quyết vấn đề | C14: -2 | E14: Kỹ năng nhận dạng và giải quyết vấn đề | F14: -1
A15: 7 | B15: Không đọc được tiếng anh/ đọc hiểu bản vẽ, tài liệu tiếng anh | C15: -1 | E15: Tiếng anh/ đọc hiểu bản vẽ, tài liệu tiếng anh
A16: 8 | B16: Không biết Quản lý thời gian & sắp xếp công việc phù hợp | C16: -2 | E16: Quản lý thời gian
A17: 9 | B17: Không hiểu bản vẽ, không kiểm tra bản vẽ trước khi gửi đi | C17: -2 | E17: Đọc hiểu bản vẽ/ kiểm tra bản vẽ trước khi gửi đi
A18: II | B18: Group 2. Kỹ năng nâng cao | D18: 10 | E18: Group 2. Kỹ năng nâng cao | F18: 8
A19: 1 | B19: Không thực hiện phân tích rủi ro | C19: -2 | E19: Kỹ năng phân tích rủi ro thi công
A20: 2 | B20: Không biết viết qui trình/ hướng dẫn/ bảng cài đặt... | C20: -2 | E20: Kỹ năng xây dựng qui trình
A21: 3 | B21: Không Xây dựng KPI, chính sách phúc lợi cho phòng | C21: -1 | E21: Xây dựng KPI, chính sách phúc lợi cho phòng
A22: 4 | B22: Không Quản lý đội nhóm & tạo động lực cho nhân viên | C22: -1 | E22: Quản lý đội nhóm & tạo động lực cho nhân viên
A23: 5 | B23: Không Kỹ năng Đào tạo nhân viên | C23: -1 | E23: Kỹ năng Đào tạo nhân viên
A24: 6 | B24: Kỹ năng Điều phối cuộc họp | C24: -1 | E24: Kỹ năng Điều phối cuộc họp
A25: 7 | B25: Kỹ năng giám sát đội nhóm không tốt | C25: -1 | E25: Kỹ năng giám sát đội nhóm
A26: 8 | B26: Không có kiến thức về Tiếng anh/ đọc hiểu và trả lời mail, tài liệu, giao tiếp được | C26: -1 | E26: Tiếng anh/ đọc hiểu và trả lời mail, tài liệu, giao tiếp được
A27: III | B27: Group 3. Kỹ năng chuyên nghiệp | D27: 10 | E27: Group 3. Kỹ năng chuyên nghiệp | F27: 8
A28: 1 | B28: Kỹ năng giao tiếp & xây dựng mối quan hệ | C28: -1 | E28: Kỹ năng giao tiếp & xây dựng mối quan hệ
A29: 2 | B29: Quản lý thời gian | C29: -2 | E29: Quản lý thời gian
A30: 3 | B30: Tiếng anh/ đọc hiểu và trả lời mail, tài liệu, giao tiếp được vs người nước ngoài | C30: -1 | E30: Tiếng anh/ đọc hiểu và trả lời mail, tài liệu, giao tiếp được vs người nước ngoài
A31: 4 | B31: Quản trị hệ thống & qui trình | C31: -2 | E31: Quản trị hệ thống & qui trình
A32: 5 | B32: Giám sát và điều hành | C32: -1 | E32: Giám sát và điều hành
A33: 6 | B33: Kỹ năng giao việc và huấn luyện | C33: -1 | E33: Kỹ năng giao việc và huấn luyện
A34: 7 | B34: Lập kế hoạch, xây dựng chiến lược triển khai quản lý dự án | C34: -1 | E34: Lập kế hoạch, xây dựng chiến lược triển khai quản lý dự án
A35: 8 | B35: Quản trị rủi ro | C35: -1 | E35: Quản trị rủi ro
A36: 9 | B36: Hoạch định chiến lược | C36: +1 | E36: Hoạch định chiến lược
A37: 10 | B37: Phân tích và ra quyết định | C37: +1 | E37: Phân tích và ra quyết định
A38: 11 | B38: Quản trị sự thay đổi | C38: +1 | E38: Quản trị sự thay đổi
A39: 12 | B39: Quản trị hệ thống | C39: +1 | E39: Quản trị hệ thống
A40: B (TC2) | B40: KIẾN THỨC | D40: =D41+D57+D99+D109 -> 40 | E40: KIẾN THỨC | F40: =F41+F57+F99+F109 -> 24
A41: I | B41: Kiến thức nền (Các công thức, phương pháp) | D41: 10 | E41: Kiến thức nền (Các công thức, phương pháp) | F41: =$D$41+SUM(F42:F56) -> 6
A42: 1 | B42: Công thức tính công suất hiệu dụng (P) | C42: -1 | E42: Công thức tính công suất hiệu dụng (P)
A43: 2 | B43: Công thức tính công suất biểu kiến (S) | C43: -1 | E43: Công thức tính công suất biểu kiến (S)
A44: 3 | B44: Công thức tính dòng điện hiệu dụng (A) | C44: -1 | E44: Công thức tính dòng điện hiệu dụng (A)
A45: 4 | B45: Phương pháp tính dòng điện | C45: -1 | E45: Phương pháp tính dòng điện
A46: 5 | B46: Phương pháp tính / chọn cáp điện/ busbar | C46: -1 | E46: Phương pháp tính / chọn cáp điện/ busbar
A47: 6 | B47: Phương pháp tính / chọn quạt giải nhiệt | C47: -1 | E47: Phương pháp tính / chọn quạt giải nhiệt
A48: 7 | B48: PLC các loại, các hãng cơ bản | C48: -1 | E48: PLC các loại, các hãng
A49: 8 | B49: HMI các loại, các hãng cơ bản | C49: -1 | E49: HMI các loại, các hãng
A50: 9 | B50: SCADA các loại, các hãng cơ bản | C50: -1 | E50: SCADA các loại, các hãng
A51: 10 | B51: Truyền thông PtP, Ethernet…các loại cơ bản | C51: -1 | E51: Truyền thông PtP, Ethernet…các loại, các hãng | F51: -1
A52: 11 | B52: Phương pháp tính / chọn dây tín hiệu | C52: -1 | E52: Phương pháp tính / chọn dây tín hiệu | F52: -1
A53: 12 | B53: Cấu hình thiết bị điện tử (ID, Methode, Setting…) | C53: -1 | E53: Cấu hình thiết bị điện tử (ID, Methode, Setting…) | F53: -1
A54: 13 | B54: Cảm biến các loại và ứng dụng cơ bản | C54: -1 | E54: Cảm biến các loại và ứng dụng cơ bản
A55: 14 | B55: Các phương pháp chống nhiễu tín hiệu | C55: -1 | E55: Các phương pháp chống nhiễu tín hiệu | F55: -1
A56: 15 | B56: Kiến thức về an toàn & vệ sinh lao động | C56: -1 | E56: Kiến thức về an toàn & vệ sinh lao động
A57: II | B57: Kiến thức về sản phẩm (Hiểu chức năng, ứng dụng, chọn sản phẩm đúng) | D57: 15 | E57: Kiến thức về sản phẩm (Hiểu chức năng, ứng dụng, chọn sản phẩm đúng) | F57: =$D$57+SUM(F58:F98) -> 8
A58: II.1 | B58: Kiến thức sản phẩm cơ bản | E58: Kiến thức sản phẩm cơ bản
B59: Kiến thức về MCB | C59: -1 | E59: Kiến thức về MCB
B60: Kiến thức về RCCB | C60: -1 | E60: Kiến thức về RCCB
B61: Kiến thức về RCBO | C61: -1 | E61: Kiến thức về RCBO
B62: Kiến thức về MCCB | C62: -1 | E62: Kiến thức về MCCB
B63: Kiến thức về ACB | C63: -1 | E63: Kiến thức về ACB
B64: Kiến thức về MCP | C64: -1 | E64: Kiến thức về MCP
B65: Kiến thức về khởi động từ | C65: -1 | E65: Kiến thức về khởi động từ
B66: Kiến thức về relay nhiệt | C66: -1 | E66: Kiến thức về relay nhiệt
B67: Kiến thức về khởi động mềm | C67: -1 | E67: Kiến thức về khởi động mềm
B68: kiến thức về biến tần | C68: -1 | E68: kiến thức về biến tần
B69: Kiến thức về timer, Counter | C69: -1 | E69: Kiến thức về timer, Counter
B70: Kiến thức về phụ kiện tủ điện | C70: -1 | E70: Kiến thức về phụ kiện tủ điện
... B72: Kiến thức về relay trung gian | C72: -1 | E72: Kiến thức về relay trung gian
B73: Kiến thức về SSR, chuyển mạch, đóng cắt bằng Triac/ Thyristor… | C73: -1 | E73: Kiến thức về SSR, chuyển mạch, đóng cắt bằng Triac/ Thyristor… | F73: -1
B74: Kiến thức về bộ nguồn | C74: -1 | E74: Kiến thức về bộ nguồn
B75: Kiến thức về terminal, marker, nhãn dây | C75: -1 | E75: Kiến thức về terminal, marker, nhãn dây
B76: Chọn thiết bị bảo vệ động cơ/ DOL | C76: -1 | E76: Chọn thiết bị bảo vệ động cơ/ DOL
B77: Chọn thiết bị bảo vệ động cơ /Sao/Tam giác | C77: -1 | E77: Chọn thiết bị bảo vệ động cơ /Sao/Tam giác
B78: Chọn thiết bị bảo vệ động cơ/ khởi động mềm | C78: -1 | E78: Chọn thiết bị bảo vệ động cơ/ khởi động mềm
B79: Chọn thiết bị bảo vệ động cơ/ biến tần | C79: -1 | E79: Chọn thiết bị bảo vệ động cơ/ biến tần
B80: Chọn thiết bị bảo vệ động cơ bằng/ biến thế/ điện trở | C80: -1 | E80: Chọn thiết bị bảo vệ động cơ bằng/ biến thế/ điện trở | F80: -1
B81: Kiến thức về hệ thống điện hạ thế | C81: -1 | E81: Kiến thực vệ hệ thống điện hạ thế | F81: -1
B82: Đọc hiểu bản vẽ | C82: -1 | E82: Đọc hiểu bản vẽ
B83: Bóc tách khối lượng tủ điện, cáp, thang cáp, busway | C83: -1 | E83: Bóc tách khối lượng tủ điện | F83: -1
B84: Kiến thực vệ hệ thống điện trung thế | C84: -1 | E84: Kiến thực vệ hệ thống điện trung thế | F84: -1
B85: Kiến thức về hệ thống điện tự động cơ bản | C85: -1 | E85: Kiến thức về hệ thống điện tự động | F85: -1
A86: II.2 | B86: Kiến thức sản phẩm nâng cao | E86: Kiến thức sản phẩm nâng cao
B87: Kiến thức về VCB trung thế | C87: -1 | E87: Kiến thức về VCB trung thế
B88: Kiến thức / Chọn PLC cơ bản | C88: -1 | E88: Kiến thức / Chọn PLC cơ bản
B89: Kiến thức / Chọn HMI cơ bản | C89: -1 | E89: Kiến thức / Chọn HMI cơ bản
B90: Kiến thức / Chọn SCADA cơ bản | C90: -1 | E90: Kiến thức / Chọn SCADA cơ bản
B91: Kiến thức / Chọn License Key cho các gói Software theo YC khách hàng/ Doanh nghiệp | C91: -1 | E91: Kiến thức / Chọn License Key cho các gói Software theo YC khách hàng/ Doanh nghiệp | F91: -1
B92: Biến tần IP00, biến tầng công suất lớn | C92: -1 | E92: Biến tần IP00, biến tầng công suất lớn
B93: Khởi động mềm trung thế | C93: -1 | E93: Khởi động mềm trung thế
B94: Tủ khởi động động cơ trung thế DOL | C94: -1 | E94: Tủ khởi động động cơ trung thế DOL
B95: Tủ khởi động động cơ trung thế điện trở | C95: -1 | E95: Tủ khởi động động cơ trung thế điện trở
B96: Kiến thức về FUSE/ LBS/ TỦ HỢP BỘ TRUNG THẾ | C96: -1 | E96: Kiến thức về FUSE/ LBS/ TỦ HỢP BỘ TRUNG THẾ
B97: Kiến thức về CT/ VT/ ĐỒNG HỒ ĐO | C97: -1 | E97: Kiến thức về CT/ VT/ ĐỒNG HỒ ĐO
A99: III | B99: Kiến thức về giải pháp/ hệ thống (đọc hiểu, bản vẽ, thiết kế, chọn thiết bị) | D99: 10 | E99: Kiến thức về giải pháp/ hệ thống (đọc hiểu, bản vẽ, thiết kế, chọn thiết bị) | F99: =$D$99+SUM(F100:F108) -> 5
B100: Kiến thức về cấu trúc hệ PLC, HMI, SCADA cơ bản | C100: -1 | E100: Kiến thức về cấu trúc hệ PLC, HMI, SCADA cơ bản
B101: Hệ thống PMS cơ bản | C101: -1 | E101: Hệ thống PMS cơ bản | F101: -1
B102: Hệ thống điện trung thế | C102: -1 | E102: Hệ thống điện trung thế cơ bản | F102: -1
...

Sheet P2.2 (Kỹ năng chuyên môn)
D2: BẢNG TỔNG HỢP ĐÁNH GIÁ THỰC HIỆN CÔNG VIỆC CÔNG NHÂN VIÊN | T2: Mã số
T3: Lần ban hành
T4: Lần sửa đổi
H6: PHÒNG: THIẾT KẾ - ĐẤU THẦU
I7: Tháng: T04-2026
B9: STT | C9: HỌ VÀ TÊN | D9: CHỨC VỤ | E9: CHỈ TIÊU ĐÁNH GIÁ | U9: TỔNG ĐIỂM | V9: XẾP LOẠI | W9: GHI CHÚ
E10: 1 | F10: 2 | G10: 3 | H10: 4 | I10: 5 | J10: 6 | K10: 7 | L10: 8 | M10: 9 | N10: 10 | O10: 11 | P10: 12 | Q10: 13 | R10: 14 | S10: 15 | T10: 16
E11: Tay nghề & Kỹ năng thực hiện công việc | F11: Chất lượng thực hiện công việc (tuân thủ các mục tiêu chuẩn & quy trình) | G11: Khối lượng & tiến độ công việc hoàn thành | H11: Làm việc nhóm & Hợp tác thực hiện công việc | I11: Ý thức đảm bảo an toàn lao động | J11: Ý thức bảo vệ tài sản của công ty & CĐT tại công trường | K11: Ý thức sử dụng tiết kiệm tài sản của Công ty (điện, nước, vật tư, thiết bị lắp đặt…) | L11: Thái độ, ý thức trách nhiệm đối với công việc | M11: Quan hệ với đồng nghiệp & những người khác trên công trường | N11: Kỷ luật trong CV, ý thức chấp hành nội quy công ty | O11: Mặc đồng phục, đeo thẻ đầy đủ & đúng quy định | P11: Ý thức sử dụng thời gian làm việc | Q11: Ý thức chấp hành lệnh phân công, điều hành của quản trị viên, BGĐ | R11: Giữ gìn vệ sinh | S11: Đi làm đầy đủ | T11: Đi làm đúng giờ
E12: 8 | F12: 8 | G12: 8 | H12: 8 | I12: 8 | J12: 6 | K12: 8 | L12: 6 | M12: 6 | N12: 6 | O12: 6 | P12: 6 | Q12: 6 | R12: 4 | S12: 4 | T12: 4 | U12: 100
B13: 1 | C13: Nguyễn Hoàng Minh Nhựt | D13: NV Thiết kế | E13: 5 | F13: 5 | G13: 6 | H13: 6 | I13: 6 | J13: 6 | K13: 6 | L13: 5 | M13: 5 | N13: 6 | O13: 6 | P13: 5 | Q13: 5 | R13: 4 | S13: 0 | T13: 2 | U13: =SUM(E13:T13) -> 78
D14: Chỉ huy công trình đánh giá
C15: Nguyễn Tiến Thành | D15: QTV đánh giá | E15: 5 | F15: 5 | G15: 6 | H15: 6 | I15: 6 | J15: 5 | K15: 5 | L15: 5 | M15: 5 | N15: 6 | O15: 5 | P15: 5 | Q15: 5 | R15: 4 | S15: 0 | T15: 2 | U15: =SUM(E15:T15) -> 75
P18: Ngày 30 tháng 04 năm 2026
D19: Trưởng Phòng | P19: Giám đốc chuyên trách
D20: (Hoặc Trưởng Bộ phận
D21: Bảo trì, Phó trưởng VPĐD)
D25: Nguyễn Tiến Thành

Sheet P3.1.1 (KPI ca nhan-Senior)
C1: QUẢN TRỊ HIỆU SUẤT | D1: CÔNG TY TNHH KỸ THUẬT TỰ ĐỘNG AN DƯƠNG BẢNG KPI : PHÒNG THIẾT KẾ - ĐÁU THẦU THÁNG 04 NĂM 2026
C3: Căn cứ quy định đánh giá hiệu quả công việc hiện hành
C4: Căn cứ kế hoạch phát triển công ty | I4: Người đánh giá : Nguyễn Tiến Thành
A6: STT | B6: Khía cạnh ADE | C6: Yếu tố quyết định thành công | D6: Chỉ tiêu đánh giá (KPI) | E6: Stt KPI | F6: Đơn vị đo lường | G6: Trọng số (%) (số điểm KPI bị trừ khi quy phạm 1 trong những tiêu chí) | H6: Mục tiêu 2026 | I6: Kém | J6: Xuất sắc | K6: Diễn giải | L6: Điểm Đánh Giá KPI Nguyễn Hoàng Minh Nhựt
L8: Số lần vi phạm | M8: Điểm thưởng bị trừ
G9: =SUM(G10:G27) -> 1 | L9: 1 | M9: =SUM(M10:M27) -> 0.35
A10: TC1 | B10: An Toàn | C10: Trang bị đầy đủ trang thiết bị an toàn đúng, đủ với tính chất công việc thực hiện | D10: Trang bị bảo hộ lao động đầy đủ cho nhân viên, công nhân thi công | E10: PTK-KPI 1 | F10: Số lần vi phạm / tháng (kiểm tra 2 lần/ ngày) | G10: 0.1 | H10: 0 Lần / Tháng | I10: 1 Lần/Tháng | J10: 0 Lần / Tháng | K10: Điểm thưởng KPI sẽ bị trừ nếu vi phạm một trong những tiêu chí này | L10: 0 | M10: =IF(SUM(L10:L13)>=1,$G$10,0) -> 0
C11: Thiết bị thi công cụ dụng cụ đảm bảo tiêu chuẩn | D11: Nội quy công trường: an toàn, cấm hút thuốc.v.v… Nơi làm việc đảm bảo an toàn | F11: Số lần kiểm tra 2 lần/ ngày | H11: 0 Lần / Tháng | I11: 1 Lần/Tháng | J11: 0 Lần / Tháng | L11: 0
D12: Thiết bị, công cụ dụng cụ thi công có kiểm định, kiểm tra định kỳ.Dàn giáo, dây đai, thang, máy cắt, khoan, máy hàn, xe cẩu, xe nâng… có kiểm định/ chứng nhận an toàn, kiểm tra định kỳ và còn hiệu lực | F12: Số lần vi phạm / tháng (kiểm tra 1 lần/ tháng) | H12: 0 Lần / Tháng | I12: 1 Lần/Tháng | J12: 0 Lần / Tháng | L12: 0
C13: Phân tích, đánh giá rủi ro, phương pháp làm việc an toàn khi thực hiện | D13: Lập bảng phân tích, đánh giá rủi ro, biện pháp phòng ngừa | F13: Số lần vi phạm / hạn mục (kiểm tra bất kỳ thời gian DA) | H13: 0 Lần / Tháng | I13: 1 Lần/Tháng | J13: 0 Lần / Tháng | L13: 0
A14: TC2 | B14: Kỹ thuật/ Chất lượng | C14: Sự hài lòng của khách hàng Sản phẩm đạt chất lượng kỹ thuật | D14: Thiết kế đúng kỹ thuật ( Tiêu chuẩn IEC / TCVN ) | E14: PTK-KPI 2 | F14: Số lỗi thiết kế/1 dự án, việc | G14: 0.2 | H14: 0 Lỗi / DA/ Việc | I14: 1 Lỗi / DA/việc | J14: 0 Lỗi / DA/việc | K14: Điểm thưởng KPI sẽ bị trừ nếu vi phạm một trong những tiêu chí này | L14: 0 | M14: =IF(SUM(L14:L16)>=1,$G$14,0) -> 0
D15: Cung cấp đầy đủ hồ sơ thiết kế ( Bản vẽ, BOM, Spec, ..) | F15: Số lần thiếu hồ sơ/1 dự án, việc | H15: 0 Lỗi / DA/ Việc | I15: 1 Lỗi / DA/việc | J15: 0 Lỗi / DA/việc | L15: 0
D16: Chọn lựa thiết bị đúng ( Tiêu chuẩn IEC / TCVN ) | F16: Số lần chọn sai thiết bị/1 dự án, việc | H16: 0 Lỗi / DA/ Việc | I16: 1 Lỗi / DA/việc | J16: 0 Lỗi / DA/việc | L16: 0
A17: TC3 | B17: Qui trình | C17: Quy trình và quản lý An toàn, chất lượng, Kỹ thuật | D17: Áp dụng qui trình cho từng công đoạn của công việc | E17: PTK-KPI 3 | F17: Số lần không áp dụng qui trình/ tháng | G17: 0.15 | H17: 0 | I17: 1 | J17: 0 | K17: Điểm thưởng KPI sẽ bị trừ nếu vi phạm một trong những tiêu chí này | L17: 0 | M17: =IF(SUM(L17:L20)>=1,$G$17,0) -> 0
C18: Hiệu suất | D18: Đề xuất phương án thực hiện | F18: Phương án/ giải pháp thực hiện công việc | H18: 3 phương án | I18: 1 | J18: 3 phương án, có 1 phuong án tối ưu/ 1 sự việc | L18: 0
D19: Cải tiến sản phẩm, Kaizen | F19: Số lần /tháng | H19: 1 Lần | I19: 0 Lần | J19: > 2 Lần | L19: 0
D20: Qui trình 5S | F20: Số lần vi phạm/ ko thực hiện/tháng | H20: 0 | I20: 1 Lần | J20: 0 | L20: 0
A21: TC4 | B21: Tiến độ | C21: Tiến độ thực hiện công việc | D21: Thực hiện công việc kịp tiến độ | E21: PTK-KPI 4 | F21: Số lần trễ tiến độ /dự án | G21: 0.2 | H21: 0 Lần | I21: 1 lần | J21: 0 Lần | K21: Điểm thưởng KPI sẽ bị trừ nếu vi phạm một trong những tiêu chí này | L21: 1 | M21: =IF(SUM(L21:L22)>=1,$G$21,0) -> 0.2
D22: Báo cáo đúng hạn, đầy đủ thông tin | F22: Số lần báo cáo không kịp thời, không đạt yêu cầu/tháng | H22: 0 Lần | I22: 1 lần | J22: 0 Lần | L22: 0
A23: TC5 | B23: Chi Phí | C23: Giảm chi phí tối thiểu | D23: Giảm thất thoát vật tư trong lập dự toán | E23: PTK-KPI 5 | F23: Giới hạn PS chi phí +/- 2% | G23: 0.15 | H23: 0.01 | I23: <2%, >2% | J23: </= 1% | K23: Điểm thưởng KPI sẽ bị trừ nếu vi phạm một trong những tiêu chí này | L23: 0 | M23: =IF(SUM(L23:L24)>=1,$G$23,0) -> 0
D24: Khảo sát, đo đạc, thiết kế bản vẽ theo thực tế thi công dự án 100% | F24: Sai lệch so với thực tế thi công +/- 2% | H24: 0.01 | I24: <2%, >2% | J24: </= 1% | L24: 0
A25: TC6 | B25: Đào tạo và Phẫm chất | C25: Đào tạo nhân viên theo kế hoạch đào tạo | D25: Chất lượng nhân sự đáp ứng nhu cầu | E25: PTK-KPI 6 | F25: % nhân sự đạt yêu cầu /tổng số nhân viên phòng ban | G25: 0.15 | H25: >80% | I25: <80% | J25: 100 | K25: Điểm thưởng KPI sẽ bị trừ nếu vi phạm một trong những tiêu chí này | L25: 0 | M25: =IF(SUM(L25:L26)>=1,$G$25,0) -> 0.15
C26: Nội quy công ty | D26: Nội quy công ty, nội quy công trình | F26: Số lần vi phạm /tháng | H26: 0 lần / tháng | I26: 2lần / tháng | J26: 0 lần / tháng | L26: 1
A27: TC7 | B27: Thẩm Mỹ | C27: Tiêu chí đạt thẩm mỹ | D27: 2 /3 ý kiến đánh giá đạt trong đó có 1 ý kiến khách hàng ( Cấp giám đốc nhà máy trở lên ) | E27: PTK-KPI 7 | F27: 2 /3 ý kiến đánh giá đạt trong đó có 1 ý kiến khách hàng ( Cấp giám đốc nhà máy trở lên ) | G27: 0.05 | H27: >80% | I27: <80% | J27: 90% | K27: Điểm thưởng KPI sẽ bị trừ nếu vi phạm một trong những tiêu chí này | L27: 0 | M27: =IF(SUM(L27:L27)>=1,$G$27,0) -> 0

Sheet P3.1.1 (KPI Phong Ban)
C1: QUẢN TRỊ HIỆU SUẤT | D1: CÔNG TY TNHH KỸ THUẬT TỰ ĐỘNG AN DƯƠNG BẢNG KPI : PHÒNG THIẾT KẾ - ĐẤU THẦU THÁNG 04 NĂM 2026
C3: Căn cứ quy định đánh giá hiệu quả công việc hiện hành
C4: Căn cứ kế hoạch phát triển công ty | I4: Người đánh giá : Nguyễn Phước Tân
A6: STT | B6: Khía cạnh ADE | C6: Yếu tố quyết định thành công | D6: Chỉ tiêu đánh giá (KPI) | E6: Stt KPI | F6: Đơn vị đo lường | G6: Trọng số (%) (số điểm KPI bị trừ khi quy phạm 1 trong những tiêu chí) | H6: Mục tiêu 2026 | I6: Kém | J6: Xuất sắc | K6: Diễn giải | L6: Điểm Đánh Giá KPI Phòng Ban
L7: Số lần vi phạm | M7: Điểm thưởng bị trừ
G8: =SUM(G9:G28) -> 1 | L8: =SUM(L9:L28) -> 8 | M8: =SUM(M9:M28) -> 0.9
A9: TC1 | B9: An Toàn | C9: Trang bị đầy đủ trang thiết bị an toàn đúng, đủ với tính chất công việc thực hiện | D9: Trang bị bảo hộ lao động đầy đủ cho nhân viên, công nhân thi công | E9: PTK-KPI 1 | F9: Số lần vi phạm / tháng (kiểm tra 2 lần/ ngày) | G9: 0.1 | H9: 0 Lần / Tháng | I9: 1 Lần/Tháng | J9: 0 Lần / Tháng | K9: Điểm thưởng KPI sẽ bị trừ nếu vi phạm một trong những tiêu chí này | L9: 0 | M9: =IF(SUM(L9:L13)>=1,$G$9,0) -> 0
C10: Thiết bị thi công cụ dụng cụ đảm bảo tiêu chuẩn | D10: Nội quy công trường: an toàn, cấm hút thuốc.v.v… Nơi làm việc đảm bảo an toàn | F10: Số lần kiểm tra 2 lần/ ngày | H10: 0 Lần / Tháng | I10: 1 Lần/Tháng | J10: 0 Lần / Tháng | L10: 0
D11: Thiết bị, công cụ dụng cụ thi công có kiểm định, kiểm tra định kỳ.Dàn giáo, dây đai, thang, máy cắt, khoan, máy hàn, xe cẩu, xe nâng… có kiểm định/ chứng nhận an toàn, kiểm tra định kỳ và còn hiệu lực | F11: Số lần vi phạm / tháng (kiểm tra 1 lần/ tháng) | H11: 0 Lần / Tháng | I11: 1 Lần/Tháng | J11: 0 Lần / Tháng | L11: 0
C12: Phân tích, đánh giá rủi ro, phương pháp làm việc an toàn khi thực hiện | D12: Lập bảng phân tích, đánh giá rủi ro, biện pháp phòng ngừa | F12: Số lần vi phạm / hạn mục (kiểm tra bất kỳ thời gian DA) | H12: 0 Lần / Tháng | I12: 1 Lần/Tháng | J12: 0 Lần / Tháng | L12: 0
C13: Đào tạo, huấn luyện an toàn CBNV | D13: Họp nhắc nhỡ, huấn luyện hàng ngày, trước khi làm việc Đào tạo định kỳ, đào tạo cho NV mới | F13: Số lần tai nạn trong tháng | H13: 0 Lần / Tháng | I13: 1 Lần/Tháng | J13: 0 Lần / Tháng | L13: 0
A14: TC2 | B14: Kỹ thuật/ Chất lượng | C14: Sự hài lòng của khách hàng Sản phẩm đạt chất lượng kỹ thuật | D14: Thiết kế đúng kỹ thuật ( Tiêu chuẩn IEC / TCVN ) | E14: PTK-KPI 2 | F14: Số lỗi thiết kế/1 dự án, việc | G14: 0.2 | H14: 0 Lỗi / DA/ Việc | I14: 1 Lỗi / DA/việc | J14: 0 Lỗi / DA/việc | K14: Điểm thưởng KPI sẽ bị trừ nếu vi phạm một trong những tiêu chí này | L14: 1 | M14: =IF(SUM(L14:L16)>=1,$G$14,0) -> 0.2
D15: Cung cấp đầy đủ hồ sơ thiết kế ( Bản vẽ, BOM, Spec, ..) | F15: Số lần thiếu hồ sơ/1 dự án, việc | H15: 0 Lỗi / DA/ Việc | I15: 1 Lỗi / DA/việc | J15: 0 Lỗi / DA/việc | L15: 1
D16: Chọn lựa thiết bị đúng ( Tiêu chuẩn IEC / TCVN ) | F16: Số lần chọn sai thiết bị/1 dự án, việc | H16: 0 Lỗi / DA/ Việc | I16: 1 Lỗi / DA/việc | J16: 0 Lỗi / DA/việc | L16: 0
A17: TC3 | B17: Qui trình | C17: Quy trình và quản lý An toàn, chất lượng, Kỹ thuật | D17: Áp dụng qui trình cho từng công đoạn của công việc | E17: PTK-KPI 3 | F17: Số lần không áp dụng qui trình/ tháng | G17: 0.15 | H17: 0 | I17: 1 | J17: 0 | K17: Điểm thưởng KPI sẽ bị trừ nếu vi phạm một trong những tiêu chí này | L17: 0 | M17: =IF(SUM(L17:L20)>=1,$G$17,0) -> 0.15
C18: Hiệu suất | D18: Đề xuất phương án thực hiện | F18: Phương án/ giải pháp thực hiện công việc | H18: 3 phương án | I18: 1 | J18: 3 phương án, có 1 phuong án tối ưu/ 1 sự việc
D19: Cải tiến sản phẩm, Kaizen | F19: Số lần /tháng | H19: 1 Lần | I19: 0 Lần | J19: > 2 Lần | L19: 1
D20: Qui trình 5S | F20: Số lần vi phạm/ ko thực hiện/tháng | H20: 0 | I20: 1 Lần | J20: 0 | L20: 0
A21: TC4 | B21: Tiến độ | C21: Tiến độ thực hiện công việc | D21: Thực hiện công việc kịp tiến độ | E21: PTK-KPI 4 | F21: Số lần trễ tiến độ /dự án | G21: 0.2 | H21: 0 Lần | I21: 1 lần | J21: 0 Lần | K21: Điểm thưởng KPI sẽ bị trừ nếu vi phạm một trong những tiêu chí này | L21: 1 | M21: =IF(SUM(L21:L22)>=1,$G$21,0) -> 0.2
D22: Báo cáo đúng hạn, đầy đủ thông tin | F22: Số lần báo cáo không kịp thời, không đạt yêu cầu/tháng | H22: 0 Lần | I22: 1 lần | J22: 0 Lần | L22: 0
A23: TC5 | B23: Chi Phí | C23: Giảm chi phí tối thiểu | D23: Giảm thất thoát vật tư trong lập dự toán | E23: PTK-KPI 5 | F23: Giới hạn PS chi phí +/- 2% | G23: 0.15 | H23: 0.01 | I23: <2%, >2% | J23: </= 1% | K23: Điểm thưởng KPI sẽ bị trừ nếu vi phạm một trong những tiêu chí này | L23: 1 | M23: =IF(SUM(L23:L24)>=1,$G$23,0) -> 0.15
D24: Khảo sát, đo đạc, thiết kế bản vẽ theo thực tế thi công dự án 100% | F24: Sai lệch so với thực tế thi công +/- 2% | H24: 0.01 | I24: <2%, >2% | J24: </= 1% | L24: 0
A25: TC6 | B25: Đào tạo và Phẫm chất | C25: Đào tạo nhân viên theo kế hoạch đào tạo | D25: Đào tạo /người | E25: PTK-KPI 6 | F25: % số khóa đào tạo thực hiện/kế hoạch | G25: 0.15 | H25: >80% | I25: <80% | J25: 100 | K25: Điểm thưởng KPI sẽ bị trừ nếu vi phạm một trong những tiêu chí này | L25: 1 | M25: =IF(SUM(L25:L27)>=1,$G$25,0) -> 0.15
D26: Chất lượng nhân sự đáp ứng nhu cầu | F26: % nhân sự đạt yêu cầu /tổng số nhân viên phòng ban | H26: >80% | I26: <80% | J26: 100 | L26: 1
C27: Nội quy công ty | D27: Nội quy công ty, nội quy công trình | F27: Số lần vi phạm /tháng | H27: 0 lần / tháng | I27: 2lần / tháng | J27: 0 lần / tháng | L27: 0
A28: TC7 | B28: Thẩm Mỹ | C28: Tiêu chí đạt thẩm mỹ | D28: 2 /3 ý kiến đánh giá đạt trong đó có 1 ý kiến khách hàng ( Cấp giám đốc nhà máy trở lên ) | E28: PTK-KPI 7 | F28: 2 /3 ý kiến đánh giá đạt trong đó có 1 ý kiến khách hàng ( Cấp giám đốc nhà máy trở lên ) | G28: 0.05 | H28: >80% | I28: <80% | J28: 90% | K28: Điểm thưởng KPI sẽ bị trừ nếu vi phạm một trong những tiêu chí này | L28: 1 | M28: =IF(SUM(L28:L28)>=1,$G$28,0) -> 0.05

Sheet Kết Quả Đánh Giá 3P
D2: BẢNG ĐÁNH GIÁ THEO PHƯƠNG PHÁP 3P | AO2: No. AUT. Date: 30/4/2026 Page: 01/01
C6: I | D6: THÔNG TIN CHUNG
D7: Bộ phận được đánh giá: | E7: THIẾT KẾ - ĐẤU THẦU
D8: Tháng đánh giá: | E8: T04/2026
D9: Người đánh giá: | E9: Nguyễn Tiến Thành
D10: Tiêu chí đánh giá | E10: Phương pháp 3P với trọng số
D12: Chú ý: đây là bảng tổng hợp Lương 3P của nhân viên phòng ban. Cuối mỗi tháng, trưởng bộ phận sẽ đánh giá nhân viên các tiêu chí P2.1; P2.2; P3.1.1; P3.1.2 tại các sheet tương ứng
C13: II | D13: BẢNG TỔNG HỢP KẾT QUẢ
C14: STT | D14: Mã nhân viên | E14: Họ và tên | F14: Chức vụ | G14: TIÊU CHÍ P1 (lương theo vị trí) | I14: TIÊU CHÍ P2 (lương theo năng lực) | AF14: TIÊU CHÍ P3 (lương theo hiệu quả công việc)
G15: P1.1 (lương cơ bản) | H15: P1.2 (lương chuyên môn, chức vụ) Đánh giá theo định kỳ | I15: P2.1 (lương theo kiến thức công việc) Đánh giá theo định kỳ | O15: P2.2 (lương theo kỹ năng, kinh nghiệm) Đánh giá theo định kỳ | AF15: P3.1 | AN15: P3.2 (theo doanh thu)
AF16: P3.1.1 KPI CÁ NHÂN (1) | AI16: P3.1.2 KPI PHÒNG BAN (2) | AL16: KPI NHÂN VIÊN = (1) X (2) | AO16: Ghi chú
G17: Mức lương | H17: Mức lương | I17: TC1 | J17: TC2 | K17: TC3 | L17: TC4 | M17: TC5 | N17: Hệ Số | O17: TC1 | P17: TC2 | Q17: TC3 | R17: TC4 | S17: TC5 | T17: TC6 | U17: TC7 | V17: TC8 | W17: TC9 | X17: TC10 | Y17: TC11 | Z17: TC12 | AA17: TC13 | AB17: TC14 | AC17: TC15 | AD17: TC16 | AE17: Hệ Số | AF17: Điểm thưởng bị trừ | AG17: Điểm | AH17: Trọng số | AI17: Điểm thưởng bị trừ | AJ17: Điểm | AK17: Trọng số | AL17: Tổng trọng số | AM17: Hệ số | AN17: Hệ số
C18: 1 | D18: E706 | E18: ='P2.1 (Kiến thức)'!F6 -> Nguyễn Hoàng Minh Nhựt | F18: Senior | G18: Dành cho kế toán | H18: Dành cho kế toán | I18: ='P2.1 (Kiến thức)'!F7 -> 30 | J18: ='P2.1 (Kiến thức)'!F40 -> 24 | K18: ='P2.1 (Kiến thức)'!F123 -> 15 | L18: ='P2.1 (Kiến thức)'!F139 -> 3 | M18: 3 | N18: =SUM(I18:M18)/100 -> 0.75 | O18: 5 | P18: 5 | Q18: 6 | R18: 6 | S18: 6 | T18: 5 | U18: 5 | V18: 5 | W18: 5 | X18: 6 | Y18: 5 | Z18: 5 | AA18: 5 | AB18: 4 | AC18: 0 | AD18: 2 | AE18: =SUM(O18:AD18)/100 -> 0.75 | AF18: ='P3.1.1 (KPI ca nhan-Senior)'!M9 -> 0.35 | AG18: =100%-AF18 -> 0.65 | AH18: =AG18*0.6 -> 0.39 | AI18: ='P3.1.1 (KPI Phong Ban)'!M8 -> 0.9 | AJ18: =100%-AI18 -> 0.1 | AK18: =AJ18*0.4 -> 0.04 | AL18: =(AH18+AK18) -> 0.43 | AM18: =IF(AL18>=1,1,IF(AL18>=0.9,0.8,IF(AL18>=0.8,0.7,IF(AL18>=0.7,0.5,0)))) -> 0 | AN18: Dành cho kế toán
C20: III | D20: ĐÁNH GIÁ & Ý KIẾN CỦA TBP/ NGƯỜI ĐÁNH GIÁ
C21: STT | D21: Mã nhân viên | E21: Họ và tên | F21: Chức vụ | G21: Đánh giá và ý kiến trưởng bộ phận
C22: 1 | D22: E706 | E22: Nguyễn Hoàng Minh Nhựt | F22: Senior
