Workbook

Sheet LO TRINH CD
A1: LỘ TRÌNH CÔNG DANH - ADE 2026 - PHÒNG KẾ TOÁN
A2: Stt | B2: Kỹ năng/ Kiến thức/ Thái độ/ Kết quả/ Thời gian cống hiến | C2: Nhân viên | D2: Lộ trình | E2: Kế toán tổng hợp | F2: Lộ trình | G2: Kế toán trưởng | H2: Tài liệu Training (Link) | I2: Người đào tạo
A3: A | B3: KỸ NĂNG
A4: I | B4: Group 1. Kỹ năng cơ bản | D4: < 2 tháng (kể từ khi nhận việc)
A5: 1 | B5: Kỹ năng lập kế hoạch hàng ngày (Kế hoạch 5 phút) | C5: x | E5: x | F5: Passed | G5: x | H5: To do List (Excell)
A6: 2 | B6: Kỹ năng lập kế hoạch, báo cáo tuần/ tháng/ quí/ năm | C6: x | E6: x | F6: Passed | G6: x
A7: 3 | B7: Kỹ năng làm việc theo qui trình, không có qui trình thì thực hiện theo hướng dẫn của người quản lý trực tiếp | C7: x | E7: x | F7: Passed | G7: x | H7: Qui trình | I7: TBP
A8: 4 | B8: Kỹ năng sử dụng phần mềm vào công việc được giao | C8: x | E8: x | F8: Passed | G8: x | H8: Microsoft office, phần mềm báo cáo, kế toán | I8: Tự học/ TBP
A9: 5 | B9: Kỹ năng nhận dạng và giải quyết vấn đề (vấn đề và phương án) | C9: x | E9: x | F9: Passed | G9: x | H9: A Tân cung cấp | I9: TBP
A10: 6 | B10: Làm việc nhóm hoặc độc lập | C10: x | E10: x | F10: Passed | G10: x | H10: A Tân cung cấp | I10: TBP
A11: 7 | B11: Tiếng anh/ đọc hiểu và trả lời mail, tài liệu | C11: x | E11: x | F11: Passed | G11: x | H11: A Tân cung cấp | I11: Tự học
A12: 8 | B12: Quản lý thời gian | C12: x | E12: x | F12: Passed | G12: x | H12: A Tân cung cấp | I12: TBP
A13: 9 | B13: Kỹ năng nhập liệu, thống kê | C13: x | E13: x | F13: Passed | G13: x | I13: Tự học/ TBP
A14: II | B14: Group 2. Kỹ năng nâng cao
A15: 1 | B15: Kỹ năng giao tiếp, xây dựng mối quan hệ, kỹ năng thuyết trình, trình bày | C15: x | D15: < 3 tháng | E15: x | F15: Passed | G15: x | I15: TBP
A16: 2 | B16: Kỹ năng xây dựng qui trình | C16: x | D16: < 4 tháng | E16: x | F16: Passed | G16: x | H16: A Hưng cung cấp | I16: TBP
A17: 3 | B17: Xây dựng KPI, chính sách phúc lợi cho phòng | D17: < 5 tháng | E17: x | F17: Passed | G17: x | H17: HS, xây dựng LTCD và lương 3P | I17: TBP
A18: 4 | B18: Quản lý đội nhóm & tạo động lực cho nhân viên | D18: < 6 tháng | E18: x | F18: Passed | G18: x | H18: A Tân cung cấp | I18: TBP
A19: 5 | B19: Đào tạo nhân viên | D19: < 7 tháng | E19: x | F19: Passed | G19: x | H19: Qui trình đào tạo (theo Lộ trình đào tạo) | I19: TBP
A20: 6 | B20: Điều phối cuộc họp | D20: < 8 tháng | E20: x | F20: Passed | G20: x | H20: A Hưng cung cấp | I20: TBP
A21: 7 | B21: Tiếng anh/ đọc hiểu và trả lời mail, tài liệu, giao tiếp được | D21: < 12 tháng | E21: x | F21: Passed | G21: x | H21: A Tân cung cấp | I21: TBP
A22: III | B22: Group 3. Kỹ năng chuyên nghiệp
A23: 1 | B23: Quản trị hệ thống & qui trình | E23: x | F23: < 2 tháng | G23: x | H23: A Trọng cung cấp Index QT ISO (Update) | I23: TBP
A24: 2 | B24: Kỹ năng giao việc và huấn luyện | E24: x | F24: < 2 tháng | G24: x | H24: A Tân cung cấp | I24: TBP
A25: 3 | B25: Quản trị rủi ro | E25: x | F25: < 3 tháng | G25: x | H25: A Trọng cung cấp Index QT ISO (Update) | I25: TBP
A26: 4 | B26: Tiếng anh/ đọc hiểu và trả lời mail, tài liệu, giao tiếp được vs người nước ngoài | G26: x | H26: A Tân cung cấp | I26: TBP
A27: 5 | B27: Giám sát và điều hành | G27: x | H27: A Tân cung cấp | I27: TBP
A28: 6 | B28: Hoạch định chiến lược | G28: x | H28: A Tân cung cấp | I28: TBP
A29: 7 | B29: Phân tích và ra quyết định | G29: x | H29: A Tân cung cấp | I29: TBP
A30: 8 | B30: Quản trị sự thay đổi | G30: x | H30: A Tân cung cấp | I30: TBP
A31: B | B31: KIẾN THỨC
A32: I | B32: Kiến thức kế toán chung ( Các phương pháp, công thức)
A33: 1 | B33: Nguyên lý kế toán | C33: x | D33: Passed | E33: x | F33: Passed | G33: x | I33: Tự học
A34: 2 | B34: Soạn thảo văn bản (hợp đồng, công văn,…) | C34: x | E34: x | F34: Passed | G34: x | I34: Tự học/ TBP
A35: 3 | B35: Tạo lập, lưu trữ chứng từ kế toán (phiếu thu, chi, ủy nhiệm chi, lệnh chi,…) | C35: x | E35: x | F35: Passed | G35: x | I35: Tự học/ TBP
A36: 4 | B36: Kiểm tra, ghi chép, theo dõi sổ sách kế toán (hoàn toàn trên phần mềm) | C36: x | E36: x | F36: Passed | G36: x | I36: Tự học/ TBP
A37: 5 | B37: Cân đối kế hoạch thu chi hợp lý | C37: x | E37: x | F37: Passed | G37: x | I37: Tự học/ TBP
A38: 6 | B38: Tính lương theo quy định của công ty | C38: x | E38: x | F38: Passed | G38: x | I38: Tự học/ TBP
A39: 7 | B39: Lập các báo cáo nội bộ | C39: x | E39: x | F39: Passed | G39: x | I39: Tự học/ TBP
A40: 8 | B40: Quy định các loại thuế hiện hành | C40: x | E40: x | F40: Passed | G40: x | I40: Tự học/ TBP
A41: 9 | B41: Quy định BHXH | C41: x | E41: x | F41: Passed | G41: x | I41: Tự học/ TBP
A42: 10 | B42: Quy định xuất hóa đơn | C42: x | E42: x | F42: Passed | G42: x | I42: Tự học/ TBP
A43: 11 | B43: Phương pháp tính giá xuất kho | C43: x | E43: x | F43: Passed | G43: x | I43: Tự học/ TBP
A44: 12 | B44: Phương pháp tính khấu hao TSCĐ | C44: x | E44: x | F44: Passed | G44: x | I44: Tự học/ TBP
A45: 13 | B45: Lập ngân sách và quản trị dòng tiền | C45: x | E45: x | F45: Passed | G45: x | I45: Tự học/ TBP
A46: 14 | B46: Kiểm tra cân đối số liệu sổ sách | C46: x | E46: x | F46: Passed | G46: x | I46: Tự học/ TBP
A47: 15 | B47: Lập các báo cáo theo yêu cầu (báo cáo tài chính, báo cáo khác) | E47: x | F47: Passed | G47: x | I47: Tự học/ TBP
A48: 16 | B48: Theo dõi công nợ khách hàng, nhà cung cấp | E48: x | F48: Passed | G48: x | I48: Tự học/ TBP
A49: 17 | B49: Phân tích báo cáo tài chính | E49: x | F49: Passed | G49: x | I49: Tự học/ TBP
A50: 18 | B50: Báo cáo thuế | E50: x | F50: Passed | G50: x | I50: Tự học/ TBP
A51: 19 | B51: Luật kế toán | E51: x | F51: Passed | G51: x | I51: Tự học/ TBP
A52: 20 | B52: Quản trị tài chính DN | G52: x | I52: Tự học/ TBP
A53: 21 | B53: Phân tích tài chính DN | G53: x | I53: Tự học/ TBP
A55: II | B55: Kiến thức về sản phẩm cơ bản (Hiểu tên gọi, mã hàng, nhập xuất đúng hàng)
A56: 1 | B56: Kiến thức về MCB | C56: x | E56: x | G56: x | H56: A Tân cung cấp | I56: Anh Tân
A57: 2 | B57: Kiến thức về RCCB | C57: x | E57: x | G57: x | H57: A Tân cung cấp | I57: Anh Tân
A58: 3 | B58: Kiến thức về RCBO | C58: x | E58: x | G58: x | H58: A Tân cung cấp | I58: Anh Tân
A59: 4 | B59: Kiến thức về MCCB | C59: x | E59: x | G59: x | H59: A Tân cung cấp | I59: Anh Tân
A60: 5 | B60: Kiến thức về ACB | C60: x | E60: x | G60: x | H60: A Tân cung cấp | I60: Anh Tân
A61: 6 | B61: Kiến thức về MCP | C61: x | E61: x | G61: x | H61: A Tân cung cấp | I61: Anh Tân
A62: 7 | B62: Kiến thức về khởi động từ | C62: x | E62: x | G62: x | H62: A Tân cung cấp | I62: Anh Tân
A63: 8 | B63: Kiến thức về relay nhiệt | C63: x | E63: x | G63: x | H63: A Tân cung cấp | I63: Anh Tân
A64: 9 | B64: Kiến thức về khởi động mềm | C64: x | E64: x | G64: x | H64: A Tân cung cấp | I64: Anh Tân
A65: 10 | B65: Kiến thức về biến tần | C65: x | E65: x | G65: x | H65: A Tân cung cấp | I65: Anh Tân
A66: 11 | B66: Kiến thức về timer, Counter | C66: x | E66: x | G66: x | H66: A Thành cung cấp | I66: Anh Tân
A67: 12 | B67: Kiến thức về phụ kiện tủ điện | E67: x | G67: x | H67: A Thành cung cấp | I67: Anh Tân
A68: 13 | B68: Kiến thức về nút nhấn đèn báo | C68: x | E68: x | G68: x | H68: A Thành cung cấp | I68: Anh Tân
A69: 14 | B69: Kiến thức về relay trung gian | C69: x | E69: x | G69: x | H69: A Thành cung cấp | I69: Anh Tân
A70: 15 | B70: Kiến thức về bộ nguồn | C70: x | E70: x | G70: x | H70: A Thành cung cấp | I70: Anh Tân
A71: 16 | B71: Kiến thức về terminal, marker, nhãn dây | E71: x | G71: x | H71: A Thành cung cấp | I71: Anh Tân
A72: III | B72: Kiến thức về công ty, sản phẩm và dịch vụ
A73: 1 | B73: Tầm nhìn, sứ mệnh, giá trị cốt lõi, văn hóa | C73: x | D73: < 1 tuần | E73: x | F73: Passed | G73: x | H73: C Ly cung cấp | I73: TBP
A74: 2 | B74: Câu chuyện về sứ mệnh của của công | C74: x | D74: < 1 tuần | E74: x | F74: Passed | G74: x | H74: C Ly cung cấp | I74: TBP
A75: 3 | B75: Ý nghĩa logo công ty | C75: x | D75: < 1 tuần | E75: x | F75: Passed | G75: x | H75: C Ly cung cấp | I75: TBP
A76: 4 | B76: Sản phẩm và dịch vụ chính của công ty (liệt kê 5 sản phẩm & dịch vụ chính) | C76: x | D76: < 1 tuần | E76: x | F76: Passed | G76: x | H76: C Ly cung cấp | I76: TBP
A77: 5 | B77: Kim chỉ nam hành động của công ty (An Toàn - kỹ thuật/ chất lượng - tiến độ - thẩm mỹ- chi phí) | C77: x | D77: < 1 tuần | E77: x | F77: Passed | G77: x | H77: C Ly cung cấp | I77: TBP
A78: 6 | B78: Địa chỉ văn phòng | C78: x | D78: < 1 tuần | E78: x | F78: Passed | G78: x | H78: C Ly cung cấp | I78: TBP
A79: 7 | B79: Số điện thoại, website, Email | C79: x | D79: < 1 tuần | E79: x | F79: Passed | G79: x | H79: C Ly cung cấp | I79: TBP
A80: 8 | B80: Địa chỉ nhà xưởng | C80: x | D80: < 1 tuần | E80: x | F80: Passed | G80: x | H80: C Ly cung cấp | I80: TBP
A81: 9 | B81: Các khách hàng lớn/ dự án của công ty | C81: x | D81: < 1 tuần | E81: x | F81: Passed | G81: x | H81: C Ly cung cấp | I81: TBP
A82: 10 | B82: Ban giám đốc | C82: x | D82: < 1 tuần | E82: x | F82: Passed | G82: x | H82: C Ly cung cấp | I82: TBP
A83: 11 | B83: Bộ phận quản lý trực tiếp | C83: x | D83: < 1 tuần | E83: x | F83: Passed | G83: x | H83: C Ly cung cấp | I83: TBP
A84: 12 | B84: Bộ phận nhân sự | C84: x | D84: < 1 tuần | E84: x | F84: Passed | G84: x | H84: C Ly cung cấp | I84: TBP
A85: 13 | B85: Ngày thành lập công ty | C85: x | D85: < 1 tuần | E85: x | F85: Passed | G85: x | H85: C Ly cung cấp | I85: TBP
A86: C | B86: QUI TRÌNH PHÒNG BAN
A87: 1 | B87: Quy trình mua hàng | C87: x | E87: x | G87: x | H87: C Hồng cung cấp | I87: TBP
A88: 2 | B88: Quy trình xuất hóa đơn | C88: x | E88: x | G88: x | H88: C Hồng cung cấp | I88: TBP
A89: 3 | B89: Quy trình ghi sổ kế toán | C89: x | E89: x | G89: x | H89: C Diệp cung cấp | I89: TBP
A90: 4 | B90: Quy trình thu tiền hàng | C90: x | E90: x | G90: x | H90: C Diệp cung cấp | I90: TBP
A91: 5 | B91: Quy trình thanh toán tiền hàng | C91: x | E91: x | G91: x | H91: C Diệp cung cấp | I91: TBP
A92: 6 | B92: Quy trình thanh toán lương | C92: x | E92: x | G92: x | H92: C Diệp cung cấp | I92: TBP
A93: 7 | B93: Quy trình tạm ứng, thanh toán chi phí công trường | C93: x | E93: x | G93: x | H93: C Diệp cung cấp | I93: TBP
A95: D | B95: QUI TRÌNH 5S | D95: <= 1 tháng | H95: C Ly cung cấp | I95: TBP
A96: 1 | B96: Sàn lọc | C96: x | E96: x | G96: x
A97: 2 | B97: Sắp xếp | C97: x | E97: x | G97: x
A98: 3 | B98: Sạch sẽ | C98: x | E98: x | G98: x
A99: 4 | B99: Săn sóc | C99: x | E99: x | G99: x
A100: 5 | B100: Sẳn sàng | C100: x | E100: x | G100: x
A101: E | B101: KAIZEN - CẢI TIẾN LIÊN TỤC | D101: <= 1 tháng | H101: C Ly cung cấp | I101: TBP
A102: 1 | B102: Hiểu về Kaizen | C102: x | E102: x | G102: x
...

Sheet P2.1 (Kien thuc)
A1: CÔNG TY TNHH KỸ THUẬT TỰ ĐỘNG AN DƯƠNG
A2: ĐÁNH GIÁ NHÂN VIÊN PHÒNG KẾ TOÁN
B3: Ngày: | C3: 30/04/2026 | E3: Người đánh giá:
B4: Mục đích kiểm tra/ đánh giá: | C4: Tháng 04/2026 | F4: Điểm đánh giá
A5: Stt | B5: Kỹ năng/ Kiến thức/ Thái độ/ Kết quả/ Thời gian làm việc | C5: Thang điểm Cộng/ trừ (Tham khảo) | D5: Thang điểm 100 | E5: Diễn giải | F5: Nguyễn Ngọc Diệp
A6: A | B6: KỸ NĂNG | D6: =D7+D17+D25 -> 40 | E6: KỸ NĂNG | F6: =F7+F17+F25 -> 37
A7: I | B7: Group 1. Kỹ năng cơ bản | D7: 20 | E7: Group 1. Kỹ năng cơ bản | F7: =$D$7+SUM(F8:F16) -> 19
A8: 1 | B8: Không có kế hoạch hàng ngày (Kế hoạch 5 phút) | C8: -1 | E8: Kỹ năng lập kế hoạch hàng ngày (Kế hoạch 5 phút)
A9: 2 | B9: Không có kế hoạch, báo cáo tuần/ tháng/ quí/ năm | C9: -2 | E9: Kỹ năng lập kế hoạch, báo cáo tuần/ tháng/ quí/ năm
A10: 3 | B10: Không làm việc theo qui trình, không thực hiện theo hướng dẫn của người quản lý trực tiếp | C10: -2 | E10: Kỹ năng làm việc theo qui trình, không có qui trình thì thực hiện theo hướng dẫn của người quản lý trực tiếp
A11: 4 | B11: Không sử dụng phần mềm vào công việc được giao | C11: -1 | E11: Kỹ năng sử dụng phần mềm vào công việc được giao
A12: 5 | B12: Không hợp tác làm việc nhóm | C12: -2 | E12: Làm việc nhóm hoặc độc lập
A13: 6 | B13: Không chủ động nhận dạng và giải quyết vấn đề | C13: -2 | E13: Kỹ năng nhận dạng và giải quyết vấn đề (vấn đề và phương án)
A14: 7 | B14: Không đọc được tiếng anh/ đọc hiểu bản vẽ, tài liệu tiếng anh | C14: -1 | E14: Tiếng anh/ đọc hiểu và trả lời mail, tài liệu | F14: -1
A15: 8 | B15: Không biết Quản lý thời gian & sắp xếp công việc phù hợp | C15: -2 | E15: Quản lý thời gian
A16: 9 | B16: Không hạch toán đúng các nghiệp vụ phát sinh | C16: -2 | E16: Kỹ năng nhập liệu, thống kê
A17: II | B17: Group 2. Kỹ năng nâng cao | D17: 10 | E17: Group 2. Kỹ năng nâng cao | F17: =$D$17+SUM(F18:F24) -> 8
A18: 1 | B18: Kỹ năng giao tiếp, xây dựng mối quan hệ, kỹ năng thuyết trình, trình bày | C18: -2 | E18: Kỹ năng giao tiếp, xây dựng mối quan hệ, kỹ năng thuyết trình, trình bày
A19: 2 | B19: Không biết viết qui trình/ hướng dẫn | C19: -2 | E19: Kỹ năng xây dựng qui trình
A20: 3 | B20: Không xây dựng KPI, chính sách phúc lợi cho phòng | C20: -1 | E20: Xây dựng KPI, chính sách phúc lợi cho phòng
A21: 4 | B21: Không quản lý đội nhóm & tạo động lực cho nhân viên | C21: -1 | E21: Quản lý đội nhóm & tạo động lực cho nhân viên
A22: 5 | B22: Không kỹ năng đào tạo nhân viên | C22: -1 | E22: Đào tạo nhân viên
A23: 6 | B23: Không điều phối tốt cuộc họp | C23: -1 | E23: Điều phối cuộc họp | F23: -1
A24: 7 | B24: Không có kiến thức về tiếng anh/ đọc hiểu và trả lời mail, tài liệu, giao tiếp được | C24: -1 | E24: Tiếng anh/ đọc hiểu và trả lời mail, tài liệu, giao tiếp được | F24: -1
A25: III | B25: Group 3. Kỹ năng chuyên nghiệp | D25: 10 | E25: Group 3. Kỹ năng chuyên nghiệp | F25: =$D$25+SUM(F26:F33) -> 10
A26: 1 | B26: Quản trị hệ thống & qui trình | C26: -1 | E26: Quản trị hệ thống & qui trình
A27: 2 | B27: Kỹ năng giao việc và huấn luyện | C27: -1 | E27: Kỹ năng giao việc và huấn luyện
A28: 3 | B28: Quản trị rủi ro | C28: -1 | E28: Quản trị rủi ro
A29: 4 | B29: Tiếng anh/ đọc hiểu và trả lời mail, tài liệu, giao tiếp được vs người nước ngoài | C29: -2 | E29: Tiếng anh/ đọc hiểu và trả lời mail, tài liệu, giao tiếp được vs người nước ngoài
A30: 5 | B30: Giám sát và điều hành | C30: -1 | E30: Giám sát và điều hành
A31: 6 | B31: Kỹ năng giao việc và huấn luyện | C31: -1 | E31: Hoạch định chiến lược
A32: 7 | B32: Phân tích và ra quyết định | C32: -1 | E32: Phân tích và ra quyết định
A33: 8 | B33: Quản trị sự thay đổi | C33: -1 | E33: Quản trị sự thay đổi
A34: B | B34: KIẾN THỨC | D34: =D35+D57+D74 -> 35 | E34: KIẾN THỨC | F34: =F35+F57+F74 -> 35
A35: I | B35: Kiến thức nền (Các công thức, phương pháp) | D35: 20 | E35: Kiến thức kế toán chung ( Các phương pháp, công thức) | F35: =$D$35+SUM(F36:F56) -> 20
A36: 1 | B36: Nguyên lý kế toán | C36: -5 | E36: Nguyên lý kế toán
A37: 2 | B37: Soạn thảo văn bản (hợp đồng, công văn,…) | C37: -5 | E37: Soạn thảo văn bản (hợp đồng, công văn,…)
A38: 3 | B38: Tạo lập, lưu trữ chứng từ kế toán (phiếu thu, chi, ủy nhiệm chi, lệnh chi,…) | C38: -5 | E38: Tạo lập, lưu trữ chứng từ kế toán (phiếu thu, chi, ủy nhiệm chi, lệnh chi,…)
A39: 4 | B39: Kiểm tra, ghi chép, theo dõi sổ sách kế toán (hoàn toàn trên phần mềm) | C39: -5 | E39: Kiểm tra, ghi chép, theo dõi sổ sách kế toán (hoàn toàn trên phần mềm)
A40: 5 | B40: Cân đối kế hoạch thu chi hợp lý | C40: -5 | E40: Cân đối kế hoạch thu chi hợp lý
A41: 6 | B41: Tính lương theo quy định của công ty | C41: -5 | E41: Tính lương theo quy định của công ty
A42: 7 | B42: Lập các báo cáo nội bộ | C42: -5 | E42: Lập các báo cáo nội bộ
A43: 8 | B43: Quy định các loại thuế hiện hành | C43: -5 | E43: Quy định các loại thuế hiện hành
A44: 9 | B44: Quy định BHXH | C44: -5 | E44: Quy định BHXH
A45: 10 | B45: Quy định xuất hóa đơn | C45: -5 | E45: Quy định xuất hóa đơn
A46: 11 | B46: Phương pháp tính giá xuất kho | C46: -5 | E46: Phương pháp tính giá xuất kho
A47: 12 | B47: Phương pháp tính khấu hao TSCĐ | C47: -5 | E47: Phương pháp tính khấu hao TSCĐ
... A56: 21 | B56: Phân tích tài chính DN | C56: -5 | E56: Phân tích tài chính DN
A57: II | B57: Kiến thức về sản phẩm cơ bản (Hiểu tên gọi, mã hàng, nhập xuất đúng hàng) | D57: 10 | E57: Kiến thức về sản phẩm cơ bản (Hiểu tên gọi, mã hàng, nhập xuất đúng hàng) | F57: =$D$57+SUM(F58:F73) -> 10
A58: 1 | B58: Kiến thức về MCB | C58: -1 | E58: Kiến thức về MCB
A59: 2 | B59: Kiến thức về RCCB | C59: -1 | E59: Kiến thức về RCCB
A60: 3 | B60: Kiến thức về RCBO | C60: -1 | E60: Kiến thức về RCBO
A61: 4 | B61: Kiến thức về MCCB | C61: -1 | E61: Kiến thức về MCCB
A62: 5 | B62: Kiến thức về ACB | C62: -1 | E62: Kiến thức về ACB
A63: 6 | B63: Kiến thức về MCP | C63: -1 | E63: Kiến thức về MCP
A64: 7 | B64: Kiến thức về khởi động từ | C64: -1 | E64: Kiến thức về khởi động từ
A65: 8 | B65: Kiến thức về relay nhiệt | C65: -1 | E65: Kiến thức về relay nhiệt
A66: 9 | B66: Kiến thức về khởi động mềm | C66: -1 | E66: Kiến thức về khởi động mềm
A67: 10 | B67: Kiến thức về biến tần | C67: -1 | E67: kiến thức về biến tần
A68: 11 | B68: Kiến thức về timer, Counter | C68: -1 | E68: Kiến thức về timer, Counter
A69: 12 | B69: Kiến thức về phụ kiện tủ điện | C69: -1 | E69: Kiến thức về phụ kiện tủ điện
... A73: 16 | B73: Kiến thức về terminal, marker, nhãn dây | C73: -1 | E73: Kiến thức về terminal, marker, nhãn dây
A74: III | B74: Kiến thức về công ty, sản phẩm và dịch vụ | D74: 5 | E74: Kiến thức về công ty, sản phẩm và dịch vụ | F74: =$D$74+SUM(F75:F87) -> 5
A75: 1 | B75: Tầm nhìn, sứ mệnh, giá trị cốt lõi, văn hóa | C75: -1 | E75: Tầm nhìn, sứ mệnh, giá trị cốt lõi, văn hóa
A76: 2 | B76: Câu chuyện về sứ mệnh của của công | C76: -1 | E76: Câu chuyện về sứ mệnh của của công
A77: 3 | B77: Ý nghĩa logo công ty | C77: -1 | E77: Ý nghĩa logo công ty
A78: 4 | B78: Sản phẩm và dịch vụ chính của công ty (liệt kê 5 sản phẩm & dịch vụ chính) | C78: -1 | E78: Sản phẩm và dịch vụ chính của công ty (liệt kê 5 sản phẩm & dịch vụ chính)
A79: 5 | B79: Kim chỉ nam hành động của công ty (An Toàn - kỹ thuật/ chất lượng - tiến độ - thẩm mỹ- chi phí) | C79: -1 | E79: Kim chỉ nam hành động của công ty (An Toàn - kỹ thuật/ chất lượng - tiến độ - thẩm mỹ- chi phí)
A80: 6 | B80: Địa chỉ văn phòng | C80: -1 | E80: Địa chỉ văn phòng
A81: 7 | B81: Số điện thoại, website, Email | C81: -1 | E81: Số điện thoại, website, Email
A82: 8 | B82: Địa chỉ nhà xưởng | C82: -1 | E82: Địa chỉ nhà xưởng
A83: 9 | B83: Các khách hàng lớn/ dự án của công ty | C83: -1 | E83: Các khách hàng lớn/ dự án của công ty
A84: 10 | B84: Ban giám đốc | C84: -1 | E84: Ban giám đốc
A85: 11 | B85: Bộ phận quản lý trực tiếp | C85: -1 | E85: Bộ phận quản lý trực tiếp
A86: 12 | B86: Bộ phận nhân sự | C86: -1 | E86: Bộ phận nhân sự
A87: 13 | B87: Ngày thành lập công ty | C87: -1 | E87: Ngày thành lập công ty
A88: C | B88: QUI TRÌNH PHÒNG BAN | D88: 15 | E88: QUI TRÌNH PHÒNG BAN | F88: =$D$88+SUM(F89:F95) -> 15
A89: 1 | B89: Quy trình mua hàng | C89: -2 | E89: Quy trình mua hàng
A90: 2 | B90: Quy trình xuất hóa đơn | C90: -2 | E90: Quy trình xuất hóa đơn
A91: 3 | B91: Quy trình ghi sổ kế toán | C91: -2 | E91: Quy trình ghi sổ kế toán
A92: 4 | B92: Quy trình thu tiền hàng | C92: -2 | E92: Quy trình thu tiền hàng
A93: 5 | B93: Quy trình thanh toán tiền hàng | C93: -2 | E93: Quy trình thanh toán tiền hàng
A94: 6 | B94: Quy trình thanh toán lương | C94: -2 | E94: Quy trình thanh toán lương
A95: 7 | B95: Quy trình tạm ứng, thanh toán chi phí công trường | C95: -2 | E95: Quy trình tạm ứng, thanh toán chi phí công trường
A96: D | B96: QUI TRÌNH 5S | D96: 5 | E96: QUI TRÌNH 5S | F96: =$D$96+SUM(F97:F101) -> 5
A97: 1 | B97: Sàng lọc | C97: -2 | E97: Sàng lọc
A98: 2 | B98: Sắp xếp | C98: -2 | E98: Sắp xếp
A99: 3 | B99: Sạch sẽ | C99: -2 | E99: Sạch sẽ
A100: 4 | B100: Săn sóc | C100: -2 | E100: Săn sóc
A101: 5 | B101: Sẳn sàng | C101: -2 | E101: Sẳn sàng
A102: E | B102: KAIZEN - CẢI TIẾN LIÊN TỤC | D102: 5 | E102: KAIZEN - CẢI TIẾN LIÊN TỤC | F102: =$D$102+SUM(F103:F108) -> 5
A103: 1 | B103: Hiểu về Kaizen | C103: -2 | E103: Hiểu về Kaizen
A104: 2 | B104: Qui trình thực hiện Kaizen | C104: -2 | E104: Qui trình thực hiện Kaizen
A105: 3 | B105: Kế hoạch - Plan | C105: -2 | E105: Kế hoạch - Plan
A106: 4 | B106: Thực hiện - Do | C106: -2 | E106: Thực hiện - Do
A107: 5 | B107: Kiểm Tra - Check | C107: -2 | E107: Kiểm Tra - Check
A108: 6 | B108: Hành động cải tiến - Action | C108: -2 | E108: Hành động cải tiến - Action
A109: SUM | D109: =D6+D34+D88+D96+D102 -> 100 | F109: =F6+F34+F88+F96+F102 -> 97

Sheet P2.2 (Ky nang chuyen mon)
D2: BẢNG TỔNG HỢP ĐÁNH GIÁ THỰC HIỆN CÔNG VIỆC NHÂN VIÊN VĂN PHÒNG | S2: Mã số
S3: Lần ban hành
S4: Lần sửa đổi
H6: PHÒNG: | I6: Kế toán
H7: Tháng: 04/2026
B9: STT | C9: HỌ VÀ TÊN | D9: CHỨC VỤ | E9: CHỈ TIÊU ĐÁNH GIÁ | T9: TỔNG ĐIỂM | U9: XẾP LOẠI | V9: GHI CHÚ
E10: 1 | F10: 2 | G10: 3 | H10: 4 | I10: 5 | J10: 6 | K10: 7 | L10: 8 | M10: 9 | N10: 10 | O10: 11 | P10: 12 | Q10: 13 | R10: 14 | S10: 15
E11: Kiến thức & kỹ năng thực hiện công việc | F11: Khối lượng & chất lượng thực hiện công việc | G11: Tinh thần hợp tác, khả năng làm việc nhóm & hiệu quả công việc chung | H11: Tự chủ & linh hoạt trong giải quyết công việc | I11: Khả năng tổng hợp, phân loại & xử lý thông tin | J11: Khả năng sáng tạo, cải tiến & tự phát triển | K11: Thái độ, ý thức trách nhiệm đối với công việc | L11: Mối quan hệ với khách hàng và đối tác | M11: Ý thức kỷ luật, tuân thủ nội quy; ý thức chấp hành lệnh phân công, điều hành của quản trị viên, BGĐ | N11: Mặc đồng phục & đeo biển tên | O11: Ý thức sử dụng thời gian làm việc | P11: Ý thức sử dụng tài sảm của công ty (VPP điện, nước, thiết bị văn phòng, máy tính…) | Q11: Giữ gìn vệ sinh & môi trường làm việc tại cơ quan | R11: Đi làm đầy đủ | S11: Đi làm đúng giờ
E12: 9 | F12: 9 | G12: 9 | H12: 9 | I12: 9 | J12: 6 | K12: 6 | L12: 6 | M12: 6 | N12: 6 | O12: 5 | P12: 5 | Q12: 5 | R12: 5 | S12: 5 | T12: 100
B13: 1 | C13: Nguyễn Ngọc Diệp | D13: NV | E13: 8 | F13: 7 | G13: 8 | H13: 8 | I13: 8 | J13: 5 | K13: 5 | L13: 5 | M13: 5 | N13: 5 | O13: 5 | P13: 5 | Q13: 5 | R13: 4 | S13: 5 | T13: =SUM(E13:S13) -> 88
C14: TBP đánh giá (nếu có) | T14: =SUM(E14:S14) -> 0
C15: QTV đánh giá | T15: =SUM(E15:S15) -> 0
B16: 3 | D16: CN
C17: TBP đánh giá (nếu có)
C18: QTV đánh giá
P20: TP. HCM, ngày 30 tháng 04 năm 2026
D21: TRƯỞNG PHÒNG | Q21: TỔNG GIÁM ĐỐC

Sheet P3.1.1 (KPI ca nhan)
C1: QUẢN TRỊ HIỆU SUẤT | D1: CÔNG TY TNHH KỸ THUẬT TỰ ĐỘNG AN DƯƠNG BẢNG KPI CÁ NHÂN PHÒNG KẾ TOÁN THÁNG 04/2026 | L1: Mã số: ADE-2024-KPI P.KTOAN Phiên bản: RV01 Hiệu lực: 01/2024 | M1: NHẬN XÉT CỦA QUẢN TRỊ HIỆU SUẤT
C3: Căn cứ quy định đánh giá hiệu quả công việc hiện hành
C4: Căn cứ kế hoạch phát triển công ty
A5: PHÒNG KẾ TOÁN | B5: Mục tiêu chiến lược | C5: Yếu tố quyết định thành công | D5: Chỉ tiêu đánh giá (KPI) | E5: Stt KPI | F5: Đơn vị đo lường | G5: Trọng số (%) | H5: Thực hiện cùng kỳ 2024 | I5: Mục tiêu 2025 | J5: Kém | K5: Xuất sắc | L5: Đơn vị chịu trách nhiệm | Q5: Điểm Đánh Giá
Q6: Nguyễn Ngọc Diệp
M7: Phân loại KPI ? | N7: Tính kiểm soát ? | O7: Mức độ tương thích giữa các chỉ số đạt được với mục tiêu chiến lược | P7: Các nội dung khác | Q7: Số lần vi phạm | R7: Điểm thưởng bị trừ
A8: Tổng cộng | G8: =SUM(G9:G18) -> 1 | Q8: =SUM(Q9:Q18) -> 0 | R8: =SUM(R9:R18) -> 0
A9: Tài chính kế toán | B9: Kế hoạch thu chi hợp lý | C9: Nắm được thông tin từ các nguồn tin đáng tin cậy | D9: Chọn lọc thông tin đáng tin cậy để lên kế hoạch hợp lý | E9: KPI 1.KTOAN | F9: Số lần vi phạm/tháng (1 tuần/lần) | G9: 0.1 | I9: 1 lần / tháng | J9: 2 lần / tháng | K9: 0 lần/ tháng | L9: Phòng kế toán | M9: KPI | N9: Đo lường hàng tháng | O9: Tương đối
B10: Báo cáo đúng hạn | C10: Số liệu được hạch toán đầy đủ, chính xác | D10: Nhập liệu sai dẫn đến trể tiến độ báo cáo | F10: Số lần vi phạm/báo cáo | G10: 0.1 | I10: 5 lần/báo cáo lớn (tài chính, thuế) 2 lần/ báo cáo nội bộ | J10: 6 lần/báo cáo lớn (tài chính, thuế) 3 lần/ báo cáo nội bộ | K10: 3 lần/báo cáo lớn (tài chính, thuế) 0 lần/ báo cáo nội bộ | L10: Phòng kế toán | M10: KPI | N10: Đo lường hàng tháng | O10: Tương đối
B11: Tính lương đúng đủ | C11: Các bộ phận gửi đúng ngày theo quy định | D11: Tính thiếu, tính dư lương NV công ty | F11: Số lần vi phạm/ tháng | G11: 0.1 | I11: 0 lần/tháng | J11: 1 lần/tháng | K11: 0 lần/tháng | L11: Phòng kế toán | M11: KPI | N11: Đo lường hàng tháng | O11: Tương đối
B12: Quản lý tốt & chặt chẽ tài chính của Cty. | C12: Báo cáo đầy đủ, kịp thời, rõ ràng, dễ hiểu, chính xác & trung thực số liệu kế toán. | D12: Báo cáo không phù hợp, không trung thực với số liệu thực tế | F12: Số lần vi phạm/báo cáo | G12: 0.1 | I12: 1 lần/báo cáo | J12: 2 lần/báo cáo | K12: 0 lần/báo cáo | L12: Phòng kế toán | M12: KPI | N12: Đo lường hàng tháng | O12: Tương đối
B13: Sử dụng vốn hiệu quả | C13: Giảm chi phí: - Cắt giảm chi phí quảng cáo, in ấn, hoạt động Cty không cần thiết. - Giảm chi phí lãi vay (thu hồi công nợ đúng hạn, giảm bớt tiền vay). | D13: % Tổng chi phí thực tế/Tổng chi phí kế hoạch | F13: % | G13: 0.1 | I13: 0.8 | J13: 0.6 | K13: 0.9 | L13: Phòng kế toán | M13: KPI | N13: Đo lường hàng tháng | O13: Tương đối
A14: Quy trình P. Kế toán | B14: Quy trình và quản lý chất lượng | C14: Quy trình và quản lý việc thực hiện theo quy trình | D14: Áp dụng quy trình vào từng vị trí công việc | E14: KPI 2.KTOAN | F14: Số lần không áp dụng quy trình/ tháng | G14: 0.1 | I14: 3 lần/tháng | J14: 4 lần/tháng | K14: 1 lần/tháng | L14: Phòng kế toán | M14: KPI | N14: Đo lường hàng tháng | O14: Tương đối
C15: Hiệu suất | D15: Không cải tiến phương án thực hiện công việc làm ảnh hưởng chất lượng công việc | F15: Số lần /tháng | G15: 0.1 | I15: 5 lần/tháng | J15: 6 lần/tháng | K15: 2 lần/tháng | L15: Phòng kế toán | M15: KPI | N15: Đo lường hàng tháng
D16: Qui trình 5S | F16: Số lần vi phạm/ không thực hiện/tháng | G16: 0.1 | I16: 1 lần/tháng | J16: 2 lần/tháng | K16: 0 lần/tháng | L16: Phòng kế toán | M16: KPI | N16: Đo lường hàng tháng | O16: Tương đối
A17: Đào tạo và phẩm chất | B17: Chất lượng nhân sự | C17: Chất lượng nhân sự đáp ứng nhu cầu | D17: Năng lực làm việc | E17: KPI 3.KTOAN | F17: % | G17: 0.1 | I17: 0.9 | J17: 0.7 | K17: 1 | L17: Phòng kế toán | M17: KPI | N17: Đo lường hàng tháng | O17: Tương đối
B18: Tuân thủ quy định công ty | C18: Tuân thủ nội quy, quy định công ty | D18: Không thực hiện nội quy, quy định công ty | F18: Số lần vi phạm/ tháng | G18: 0.1 | I18: 2 lần/tháng | J18: 3 lần/tháng | K18: 0 lần/tháng | L18: Phòng kế toán | M18: KPI | N18: Đo lường hàng tháng | O18: Tương đối

Sheet P3.1.2 (KPI PKTOAN)
C1: QUẢN TRỊ HIỆU SUẤT | D1: CÔNG TY TNHH KỸ THUẬT TỰ ĐỘNG AN DƯƠNG BẢNG KPI PHÒNG KẾ TOÁN THÁNG 04/2026 | L1: Mã số: ADE-2024-KPI P.KTOAN Phiên bản: RV01 Hiệu lực: 01/2024 | M1: NHẬN XÉT CỦA QUẢN TRỊ HIỆU SUẤT
C3: Căn cứ quy định đánh giá hiệu quả công việc hiện hành
C4: Căn cứ kế hoạch phát triển công ty
A6: PHÒNG KẾ TOÁN | B6: Mục tiêu chiến lược | C6: Yếu tố quyết định thành công | D6: Chỉ tiêu đánh giá (KPI) | E6: Stt KPI | F6: Đơn vị đo lường | G6: Trọng số (%) | H6: Thực hiện cùng kỳ 2025 | I6: Mục tiêu 2026 | J6: Kém | K6: Xuất sắc | L6: Đơn vị chịu trách nhiệm | Q6: Điểm Đánh Giá
M7: Phân loại KPI ? | N7: Tính kiểm soát ? | O7: Mức độ tương thích giữa các chỉ số đạt được với mục tiêu chiến lược | P7: Các nội dung khác | Q7: Số lần vi phạm | R7: Điểm thưởng bị trừ
A8: Tổng cộng | G8: =SUM(G9:G18) -> 1 | Q8: =SUM(Q9:Q18) -> 0 | R8: =SUM(R9:R18) -> 0
A9: Tài chính kế toán | B9: Kế hoạch thu chi hợp lý | C9: Nắm được thông tin từ các nguồn tin đáng tin cậy | D9: Chọn lọc thông tin đáng tin cậy để lên kế hoạch hợp lý | E9: KPI 1.KTOAN | F9: Số lần vi phạm/tháng (1 tuần/lần) | G9: 0.1 | I9: 1 lần / tháng | J9: 2 lần / tháng | K9: 0 lần/ tháng | L9: Phòng kế toán | M9: KPI | N9: Đo lường hàng tháng | O9: Tương đối
B10: Báo cáo đúng hạn | C10: Số liệu được hạch toán đầy đủ, chính xác | D10: Nhập liệu sai dẫn đến trể tiến độ báo cáo | F10: Số lần vi phạm/báo cáo | G10: 0.1 | I10: 5 lần/báo cáo lớn (tài chính, thuế) 2 lần/ báo cáo nội bộ | J10: 6 lần/báo cáo lớn (tài chính, thuế) 3 lần/ báo cáo nội bộ | K10: 3 lần/báo cáo lớn (tài chính, thuế) 0 lần/ báo cáo nội bộ | L10: Phòng kế toán | M10: KPI | N10: Đo lường hàng tháng | O10: Tương đối
B11: Tính lương đúng đủ | C11: Các bộ phận gửi đúng ngày theo quy định | D11: Tính thiếu, tính dư lương NV công ty | F11: Số lần vi phạm/ tháng | G11: 0.1 | I11: 0 lần/tháng | J11: 1 lần/tháng | K11: 0 lần/tháng | L11: Phòng kế toán | M11: KPI | N11: Đo lường hàng tháng | O11: Tương đối
B12: Quản lý tốt & chặt chẽ tài chính của Cty. | C12: Báo cáo đầy đủ, kịp thời, rõ ràng, dễ hiểu, chính xác & trung thực số liệu kế toán. | D12: Báo cáo không phù hợp, không trung thực với số liệu thực tế | F12: Số lần vi phạm/báo cáo | G12: 0.1 | I12: 1 lần/báo cáo | J12: 2 lần/báo cáo | K12: 0 lần/báo cáo | L12: Phòng kế toán | M12: KPI | N12: Đo lường hàng tháng | O12: Tương đối
B13: Sử dụng vốn hiệu quả | C13: Giảm chi phí: - Cắt giảm chi phí quảng cáo, in ấn, hoạt động Cty không cần thiết. - Giảm chi phí lãi vay (thu hồi công nợ đúng hạn, giảm bớt tiền vay). | D13: % Tổng chi phí thực tế/Tổng chi phí kế hoạch | F13: % | G13: 0.1 | I13: 0.8 | J13: 0.6 | K13: 0.9 | L13: Phòng kế toán | M13: KPI | N13: Đo lường hàng tháng | O13: Tương đối
A14: Quy trình P. Kế toán | B14: Quy trình và quản lý chất lượng | C14: Quy trình và quản lý việc thực hiện theo quy trình | D14: Áp dụng quy trình vào từng vị trí công việc | E14: KPI 2.KTOAN | F14: Số lần không áp dụng quy trình/ tháng | G14: 0.1 | I14: 3 lần/tháng | J14: 4 lần/tháng | K14: 1 lần/tháng | L14: Phòng kế toán | M14: KPI | N14: Đo lường hàng tháng | O14: Tương đối
C15: Hiệu suất | D15: Không cải tiến phương án thực hiện công việc làm ảnh hưởng chất lượng công việc | F15: Số lần /tháng | G15: 0.1 | I15: 5 lần/tháng | J15: 6 lần/tháng | K15: 2 lần/tháng | L15: Phòng kế toán | M15: KPI | N15: Đo lường hàng tháng
D16: Qui trình 5S | F16: Số lần vi phạm/ không thực hiện/tháng | G16: 0.1 | I16: 1 lần/tháng | J16: 2 lần/tháng | K16: 0 lần/tháng | L16: Phòng kế toán | M16: KPI | N16: Đo lường hàng tháng | O16: Tương đối
A17: Đào tạo và phẩm chất | B17: Chất lượng nhân sự | C17: Chất lượng nhân sự đáp ứng nhu cầu | D17: Năng lực làm việc | E17: KPI 3.KTOAN | F17: % | G17: 0.1 | I17: 0.9 | J17: 0.7 | K17: 1 | L17: Phòng kế toán | M17: KPI | N17: Đo lường hàng tháng | O17: Tương đối
B18: Tuân thủ quy định công ty | C18: Tuân thủ nội quy, quy định công ty | D18: Không thực hiện nội quy, quy định công ty | F18: Số lần vi phạm/ tháng | G18: 0.1 | I18: 2 lần/tháng | J18: 3 lần/tháng | K18: 0 lần/tháng | L18: Phòng kế toán | M18: KPI | N18: Đo lường hàng tháng | O18: Tương đối

Sheet KET QUA DANH GIA 3P - T04.26
D2: BẢNG ĐÁNH GIÁ THEO PHƯƠNG PHÁP 3P THÁNG 04/2026 | AO2: No.KTOAN Date: 30/04/2026 Page: 01/01
C6: I | D6: THÔNG TIN CHUNG
D7: Bộ phận được đánh giá: | E7: Kế toán
D8: Người đánh giá:
D9: Tiêu chí đánh giá | E9: Phương pháp 3P với trọng số
D12: Chú ý: đây là bảng tổng hợp Lương 3P của nhân viên phòng ban. Cuối mỗi tháng, trưởng bộ phận sẽ đánh giá nhân viên các tiêu chí P2.1; P2.2; P3.1.1; P3.1.2 tại các sheet tương ứng
C13: II | D13: BẢNG TỔNG HỢP KẾT QUẢ
C14: STT | D14: Mã nhân viên | E14: Họ và tên | F14: Chức vụ | G14: TIÊU CHÍ P1 (lương theo vị trí) | I14: TIÊU CHÍ P2 (lương theo năng lực) | AE14: TIÊU CHÍ P3 (lương theo hiệu quả công việc)
G15: P1.1 (lương cơ bản) | H15: P1.2 (lương chuyên môn, chức vụ) Đánh giá theo định kỳ | I15: P2.1 (lương theo kiến thức công việc) Đánh giá theo định kỳ | O15: P2.2 (lương theo kỹ năng, kinh nghiệm) Đánh giá theo định kỳ | AE15: P3.1 | AM15: P3.2 (theo doanh thu)
AE16: P3.1.1 KPI CÁ NHÂN (1) | AH16: P3.1.2 KPI PHÒNG BAN (2) | AL16: KPI NHÂN VIÊN= (1) X (2) | AN16: Tổng | AO16: Ghi chú
G17: Mức lương | H17: Mức lương | I17: TC1 | J17: TC2 | K17: TC3 | L17: TC4 | M17: TC5 | N17: Hệ số | O17: TC1 | P17: TC2 | Q17: TC3 | R17: TC4 | S17: TC5 | T17: TC6 | U17: TC7 | V17: TC8 | W17: TC9 | X17: TC10 | Y17: TC11 | Z17: TC12 | AA17: TC13 | AB17: TC14 | AC17: TC15 | AD17: Hệ số | AE17: Điểm thưởng bị trừ | AF17: Điểm | AG17: Trọng số: 0.6 | AH17: Điểm thưởng bị trừ | AI17: Điểm | AJ17: Trọng số: 0.4 | AK17: Tổng trọng số | AL17: Hệ số | AM17: Hệ số
C18: 1 | D18: E203 | E18: Nguyễn Ngọc Diệp | F18: Kế toán | G18: dành cho kế toán | H18: dành cho kế toán | I18: ='P2.1 (Kien thuc)'!F6 -> 37 | J18: ='P2.1 (Kien thuc)'!F34 -> 35 | K18: ='P2.1 (Kien thuc)'!F88 -> 15 | L18: ='P2.1 (Kien thuc)'!F96 -> 5 | M18: ='P2.1 (Kien thuc)'!F102 -> 5 | N18: =SUM(I18:M18)/100 -> 0.97 | O18: ='P2.2 (Ky nang chuyen mon)'!E13 -> 8 | P18: ='P2.2 (Ky nang chuyen mon)'!F13 -> 7 | Q18: ='P2.2 (Ky nang chuyen mon)'!G13 -> 8 | R18: ='P2.2 (Ky nang chuyen mon)'!H13 -> 8 | S18: ='P2.2 (Ky nang chuyen mon)'!I13 -> 8 | T18: ='P2.2 (Ky nang chuyen mon)'!J13 -> 5 | U18: ='P2.2 (Ky nang chuyen mon)'!K13 -> 5 | V18: ='P2.2 (Ky nang chuyen mon)'!L13 -> 5 | ... AC18: ='P2.2 (Ky nang chuyen mon)'!S13 -> 5 | AD18: =SUM(O18:AC18)/100 -> 0.88 | AE18: ='P3.1.1 (KPI ca nhan)'!R8 -> 0 | AF18: =100%-AE18 -> 1 | AG18: =AF18*0.6 -> 0.6 | AH18: ='P3.1.2 (KPI PKTOAN)'!R8 -> 0 | AI18: =100%-AH18 -> 1 | AJ18: =AI18*0.4 -> 0.4 | AK18: =AG18+AJ18 -> 1 | AL18: =IF(AK18>=1,1,IF(AK18>=0.9,0.8,IF(AK18>=0.8,0.7,IF(AK18>=0.7,0.5,0)))) -> 1 | AM18: dành cho kế toán
C20: III | D20: ĐÁNH GIÁ & Ý KIẾN CỦA TBP
C21: STT | D21: Mã nhân viên | E21: Họ và tên | F21: Chức vụ | G21: Đánh giá và ý kiến trưởng bộ phận
C22: 1 | D22: E203 | E22: Nguyễn Ngọc Diệp | F22: Kế toán
